"alpha","beta","gamma","method","n","ks_stat","ks_pvalue","sample_mean","theory_mean","mean_z","sample_var","theory_var","var_rel_err","error","var_kurt","var_tol"
0.05,0.01,-10000,"auto",10000,0.0074267722645216,0.639504939764654,4.91059006904099e-06,4.99999999895008e-06,-0.399853362406381,4.68238969081553e-10,4.99999999685e-10,0.0635220612469127,NA,119.9999998992,0.44181444050497
0.3,0.01,-10000,"auto",10000,0.00726311848852746,0.667104394558451,3.00397357195302e-05,2.99999999922e-05,0.0725471806870224,3.06622974474732e-09,2.99999999765997e-09,0.0220765823796713,NA,19.9999999792003,0.187616630304247
0.7,0.01,-10000,"auto",10000,0.00830088259816348,0.496052997930507,7.01120154486588e-05,6.99999999762041e-05,0.133884097434259,7.17124122093978e-09,6.99999999286034e-09,0.0244630326077278,NA,8.57142855977042,0.130054933376757
1,0.01,-10000,"auto",10000,0.00626995197308045,0.826651318493245,0.000101348813363948,9.99999999600003e-05,1.34881340475746,1.05536211825985e-08,9.999999988e-09,0.0553621195262884,NA,5.99999999039989,0.113137084921965
1.5,0.01,-10000,"auto",10000,0.00860175021289937,0.449994990560111,0.000150797005540816,0.000149999999925,0.650752360782716,1.58721170316988e-08,1.49999999775008e-08,0.0581411370337429,NA,3.99999999199938,0.0979795896460024
3,0.01,-10000,"auto",10000,0.00714315927305387,0.687290320382732,0.000300830966427734,0.00029999999976,0.479758829879626,3.04075824368495e-08,2.99999999279999e-08,0.0135860836609271,NA,1.99999999359798,0.0799999999359798
10,0.01,-10000,"auto",10000,0.00596992877750664,0.868239334371209,0.000999572484603277,0.000999999997800004,-0.135191543590377,1.00570778065677e-07,9.99999993390764e-08,0.00570778730373447,NA,0.599999992886098,0.0644980618981513
100,0.01,-10000,"auto",10000,0.00756365644902697,0.616461301072626,0.00999264595349135,0.00999999979800028,-0.735736863029486,1.01141359213433e-06,9.9904224525808e-07,0.0123832069514245,NA,0.0435711102649714,0.0571814111090655
0.05,1,-10000,"auto",10000,0.00742677257702951,0.63950488707597,4.91059066756818e-06,4.99999989500009e-06,-0.399850397134552,4.68239003634285e-10,4.99999558766121e-10,0.0635211663190527,NA,119.999989920002,0.441814422435488
0.3,1,-10000,"auto",10000,0.00726311760581667,0.667104543333543,3.00397354965098e-05,2.99999992199999e-05,0.0725481781802947,3.06622957626352e-09,3.0000004249986e-09,0.0220763806274965,NA,19.9999979200008,0.18761662152379
0.7,1,-10000,"auto",10000,0.00830088097762756,0.496053251845955,7.01120143752303e-05,6.99999976200043e-05,0.133885833501038,7.17124072879727e-09,6.99997878028241e-09,0.024466066811127,NA,8.57142740571359,0.130054926277868
1,1,-10000,"auto",10000,0.00626995417594756,0.826650997139526,0.000101348811357242,9.99999960000002e-05,1.34881537138599,1.05536207646752e-08,9.9999997902721e-09,0.0553620986014034,NA,5.99999904000018,0.113137078201624
1.5,1,-10000,"auto",10000,0.00923977237627977,0.360493224352855,0.000150954782528785,0.000149999992500001,0.77958285686134,1.59647663493659e-08,1.49999975812024e-08,0.0643179282490354,NA,3.99999919999965,0.0979795831793514
3,1,-10000,"auto",10000,0.00718731957036045,0.679868367680423,0.000301460153475268,0.000299999976000005,0.843034040708415,3.0640000115653e-08,2.9999987025347e-08,0.0213337789034786,NA,1.99999935999828,0.0799999935999825
10,1,-10000,"auto",10000,0.00596993577237122,0.868238419949229,0.000999572275408556,0.000999999780000106,-0.135188881462109,1.00570725830439e-07,9.99999119537899e-08,0.00570814379229705,NA,0.599999470166694,0.0644980554146147
100,1,-10000,"auto",10000,0.0075637449773316,0.616446428847406,0.00999262606055734,0.00999997980008187,-0.735375928169509,1.01140856042905e-06,9.99994626657588e-07,0.0114139951027647,NA,0.0435709173442564,0.0571814084099964
0.05,100,-10000,"auto",10000,0.00742680382769156,0.639499618230451,4.91065052018753e-06,4.99998950006518e-06,-0.399537324188276,4.68242459289725e-10,4.99996846120746e-10,0.0635091742625756,NA,119.998992021596,0.441812615522184
0.3,100,-10000,"auto",10000,0.00726302933506885,0.667119420774663,3.00397131945298e-05,2.99999220005615e-05,0.0726487316785607,3.0662127280596e-09,2.99997660609173e-09,0.0220788794930497,NA,19.9997920048985,0.187615743496748
0.7,100,-10000,"auto",10000,0.0083007189251122,0.496078643520832,7.0111907032609e-05,6.99997620020985e-05,0.134039634435167,7.17119151508942e-09,6.9999283941876e-09,0.0244664104055722,NA,8.57131200314048,0.130054216406177
1,100,-10000,"auto",10000,0.00627017446001121,0.826618861072106,0.000101348610687402,9.99996000039998e-05,1.34901877683396,1.05535789725463e-08,9.99988001045798e-09,0.0553705605976491,NA,5.99990400283179,0.113136406185325
1.5,100,-10000,"auto",10000,0.00905514048307441,0.385166110172932,0.00015086707378155,0.000149999250009,0.708580457566596,1.58745190178553e-08,1.49997749975358e-08,0.0583171427880261,NA,3.99992000269927,0.0979789365339247
3,100,-10000,"auto",10000,0.00749442130989347,0.628106271570537,0.000301645192410852,0.000299997600043198,0.951249311144789,3.08487206888554e-08,2.99992800564698e-08,0.028315367261703,NA,1.99993600297383,0.0799993600271785
10,100,-10000,"auto",10000,0.00597063523529646,0.868146966841879,0.000999551356812118,0.000999978001011946,-0.134921194524759,1.00565502612984e-07,9.99934002127214e-08,0.00572140160296154,NA,0.599947203766065,0.0644974071263776
100,100,-10000,"auto",10000,0.00757259294147956,0.61496028254431,0.00999063756604372,0.00999798081970207,-0.734547811323954,1.01090567283477e-06,9.99394425242936e-07,0.0115182227367646,NA,0.0435516307097066,0.0571811385785167
0.05,0.01,-1000,"auto",10000,0.00742677257703028,0.639504887075839,4.91059066756818e-05,4.99999989500009e-05,-0.399850391141578,4.68239003634283e-08,4.99999573754131e-08,0.0635211943909913,NA,119.999989920002,0.441814422435487
0.3,0.01,-1000,"auto",10000,0.007263117605817,0.667104543333487,0.000300397354965098,0.0002999999922,0.0725481801401465,3.06622957626352e-07,3.00000026290604e-07,0.0220764358511522,NA,19.9999979200008,0.18761662152379
0.7,0.01,-1000,"auto",10000,0.00830088097762756,0.496053251845955,0.000701120143752303,0.000699999976200043,0.13388583133515,7.17124072879731e-07,6.99997900676791e-07,0.0244660336643599,NA,8.5714274057136,0.130054926277868
1,0.01,-1000,"auto",10000,0.00626995417594756,0.826650997139526,0.00101348811357242,0.000999999960000001,1.34881534503033,1.05536207646752e-06,1.00000001810706e-06,0.0553620573580131,NA,5.99999904000017,0.113137078201623
1.5,0.01,-1000,"auto",10000,0.00923977237627977,0.360493224352855,0.00150954782528785,0.00149999992500001,0.779582878325881,1.59647663493658e-06,1.49999967551964e-06,0.0643179868579064,NA,3.99999919999965,0.0979795831793514
3,0.01,-1000,"auto",10000,0.00718731957036223,0.679868367680124,0.00301460153475268,0.00299999976000005,0.84303399178954,3.06400001156529e-06,2.99999905070069e-06,0.0213336603722102,NA,1.99999935999828,0.0799999935999826
10,0.01,-1000,"auto",10000,0.0059699357723731,0.868238419948982,0.00999572275408556,0.0099999978000011,-0.135188897577201,1.0057072583044e-05,9.99998881150717e-06,0.00570838354049921,NA,0.599999470166694,0.0644980554146147
100,0.01,-1000,"auto",10000,0.0075637449773316,0.616446428847406,0.0999262606055734,0.0999997980008178,-0.735375756564082,0.000101140856042905,9.9999509334394e-05,0.0114135230873412,NA,0.0435709173442596,0.0571814084099965
0.05,1,-1000,"auto",10000,0.00742680382769123,0.639499618230507,4.91065052018753e-05,4.99998950006518e-05,-0.399537324287942,4.6824245928974e-08,4.99996845871379e-08,0.0635091737954843,NA,119.998992021596,0.441812615522184
0.3,1,-1000,"auto",10000,0.00726302933506863,0.667119420774701,0.000300397131945298,0.000299999220005615,0.072648731700766,3.06621272805959e-07,2.99997660425293e-07,0.0220788801195208,NA,19.9997920048985,0.187615743496748
0.7,1,-1000,"auto",10000,0.0083007189251122,0.496078643520832,0.00070111907032609,0.000699997620020986,0.134039634468949,7.17119151508939e-07,6.99992839064876e-07,0.0244664109234921,NA,8.57131200314049,0.130054216406177
1,1,-1000,"auto",10000,0.00627017446001166,0.826618861072041,0.00101348610687402,0.00099999600004,1.34901877749136,1.05535789725463e-06,9.9998800007088e-07,0.0553705616265675,NA,5.99990400283178,0.113136406185325
1.5,1,-1000,"auto",10000,0.00905514048307402,0.385166110172985,0.0015086707378155,0.00149999250009,0.708580457777074,1.58745190178553e-06,1.49997749886192e-06,0.0583171434171327,NA,3.99992000269928,0.0979789365339247
3,1,-1000,"auto",10000,0.00749442130989175,0.628106271570827,0.00301645192410852,0.00299997600043199,0.951249311377844,3.08487206888555e-06,2.99992800417591e-06,0.0283153677659574,NA,1.99993600297383,0.0799993600271785
10,1,-1000,"auto",10000,0.00597063523529835,0.868146966841632,0.00999551356812118,0.00999978001011943,-0.134921194448982,1.00565502612985e-05,9.99934003240258e-06,0.00572140048348033,NA,0.599947203766064,0.0644974071263776
100,1,-1000,"auto",10000,0.00757259294146369,0.614960282546976,0.0999063756604372,0.0999798081970198,-0.734547809573805,0.000101090567283476,9.99394429978852e-05,0.0115182179433921,NA,0.0435516307097066,0.0571811385785167
0.05,100,-1000,"auto",10000,0.00752992788678974,0.622130994603962,4.91820328429401e-05,4.9989506503348e-05,-0.36122688590528,4.68600986772765e-08,4.99685324993425e-08,0.0622078269380204,NA,119.899415388321,0.441632273074912
0.3,100,-1000,"auto",10000,0.00725420618577511,0.668606377476563,0.000300264201227918,0.000299922056095982,0.0624912160181371,3.06348631628864e-07,2.99766280356013e-07,0.021958277845772,NA,19.9792488424735,0.187528126284986
0.7,100,-1000,"auto",10000,0.00828452432580446,0.498619115872937,0.000700915919509243,0.000699762209161123,0.137965038582203,7.16635834154285e-07,6.99287045012363e-07,0.0248092528892981,NA,8.55980274270241,0.129983400433763
1,100,-1000,"auto",10000,0.00629217574995289,0.823398498733158,0.00101328551725395,0.000999600399409128,1.36933226314955,1.05494018478882e-06,9.98801995860542e-07,0.056205523377949,NA,5.99042822074398,0.113069382032407
1.5,100,-1000,"auto",10000,0.00774689216694284,0.585815794389239,0.00150689192214931,0.00149925089845087,0.624354479069985,1.57361834366863e-06,1.49775448916474e-06,0.0506517290067952,NA,3.99202689366619,0.0979144679292387
3,100,-1000,"auto",10000,0.0060376589677299,0.859257306355105,0.003013872149532,0.00299760430937575,0.940349909429436,3.0937269668402e-06,2.9928215256844e-06,0.0337158231086732,NA,1.99362960459461,0.0799362706620179
10,100,-1000,"auto",10000,0.0061403462132283,0.845171691218384,0.0099705185921421,0.00997810060131457,-0.240553266556279,9.96593182133487e-06,9.93450181721337e-06,0.00316372221776045,NA,0.594775345837801,0.0644332255388513
100,100,-1000,"auto",10000,0.0077112980565462,0.59174380983713,0.0979834135351855,0.0980580588561022,-0.768589093972294,9.55901913621331e-05,9.43228128624067e-05,0.0134366062807648,NA,0.0416798100343301,0.0571549446334692
0.05,0.01,-100,"auto",10000,0.00742680382769212,0.639499618230358,0.000491065052018753,0.000499998950006518,-0.399537324231374,4.68242459289748e-06,4.99996846012933e-06,0.0635091740605974,NA,119.998992021596,0.441812615522184
0.3,0.01,-100,"auto",10000,0.00726302933506896,0.667119420774645,0.00300397131945298,0.00299999220005615,0.0726487316905811,3.06621272805958e-05,2.9999766050967e-05,0.0220788798320469,NA,19.9997920048985,0.187615743496748
0.7,0.01,-100,"auto",10000,0.0083007189251122,0.496078643520832,0.0070111907032609,0.00699997620020985,0.134039634447539,7.17119151508941e-05,6.99992839289141e-05,0.0244664105952733,NA,8.57131200314048,0.130054216406177
1,0.01,-100,"auto",10000,0.00627017446001166,0.826618861072041,0.0101348610687402,0.00999996000039999,1.34901877732067,0.000105535789725463,9.99988000324012e-05,0.0553705613594152,NA,5.99990400283179,0.113136406185325
1.5,0.01,-100,"auto",10000,0.00905514048307402,0.385166110172985,0.015086707378155,0.0149999250009,0.708580457661766,0.000158745190178553,0.000149997749935042,0.0583171430724699,NA,3.99992000269928,0.0979789365339247
3,0.01,-100,"auto",10000,0.00749442130989264,0.628106271570677,0.0301645192410852,0.0299997600043199,0.951249311602939,0.000308487206888553,0.000299992800275481,0.0283153682530773,NA,1.99993600297383,0.0799993600271785
10,0.01,-100,"auto",10000,0.00597063523529835,0.868146966841632,0.0999551356812118,0.0999978001011941,-0.134921194362359,0.00100565502612983,0.00099993400451218,0.00572139920418489,NA,0.59994720376606,0.0644974071263775
100,0.01,-100,"auto",10000,0.00757259294146369,0.614960282546976,0.999063756604372,0.999798081970188,-0.734547807818412,0.0101090567283476,0.00999394434730017,0.0115182131345931,NA,0.0435516307097088,0.0571811385785167
0.05,1,-100,"auto",10000,0.00752992788678974,0.622130994603962,0.000491820328429401,0.000499895065033481,-0.361226885905449,4.68600986772761e-06,4.99685324992969e-06,0.0622078269371736,NA,119.899415388321,0.441632273074912
0.3,1,-100,"auto",10000,0.00725420618577511,0.668606377476563,0.00300264201227918,0.00299922056095982,0.0624912160181813,3.06348631628863e-05,2.99766280355475e-05,0.0219582778476045,NA,19.9792488424735,0.187528126284986
0.7,1,-100,"auto",10000,0.00828452432580446,0.498619115872937,0.00700915919509243,0.00699762209161123,0.137965038582011,7.16635834154287e-05,6.99287045014862e-05,0.0248092528856397,NA,8.5598027427024,0.129983400433762
1,1,-100,"auto",10000,0.00629217574995289,0.823398498733158,0.0101328551725395,0.00999600399409128,1.36933226314782,0.000105494018478882,9.98801995863145e-05,0.0562055233751905,NA,5.99042822074397,0.113069382032407
1.5,1,-100,"auto",10000,0.00774689216694245,0.585815794389304,0.0150689192214931,0.0149925089845087,0.624354479071692,0.000157361834366862,0.000149775448915589,0.0506517290130012,NA,3.9920268936662,0.0979144679292387
3,1,-100,"auto",10000,0.0060376589677299,0.859257306355105,0.03013872149532,0.0299760430937574,0.940349909428047,0.00030937269668402,0.000299282152569384,0.0337158231054093,NA,1.99362960459462,0.079936270662018
10,1,-100,"auto",10000,0.00614034621323024,0.845171691218112,0.099705185921421,0.0997810060131454,-0.240553266554382,0.00099659318213348,0.000993450181732461,0.00316372220652069,NA,0.594775345837803,0.0644332255388513
100,1,-100,"auto",10000,0.0077112980565462,0.59174380983713,0.979834135351855,0.980580588561026,-0.76858909398657,0.0095590191362133,0.00943228128600182,0.0134366063064265,NA,0.0416798100343305,0.0571549446334692
0.05,100,-100,"auto",10000,0.00713288703685799,0.68901480949931,0.000477491274613312,0.000490092441530659,-0.580410052159271,4.35517219320465e-06,4.71358863342488e-06,0.0760389732949207,NA,111.63584278293,0.426400455502439
0.3,100,-100,"auto",10000,0.00740836567592968,0.642608642658402,0.00292253277522865,0.00292705831241536,-0.0856728745134119,2.85521698601527e-05,2.790317342804e-05,0.0232588753313808,NA,18.3025442924326,0.180233378894954
0.7,100,-100,"auto",10000,0.007762300783916,0.583253985534262,0.00679046729429555,0.00678055477447178,0.124152437404604,6.47513774290886e-05,6.3746689714497e-05,0.0157606256747027,NA,7.64461641732341,0.124223130968904
1,100,-100,"auto",10000,0.00625324258835802,0.829082682065974,0.0097927107447796,0.00963500274318408,1.66548759861943,9.61581365895883e-05,8.96653505467979e-05,0.0724113161125904,NA,5.25123407189219,0.107712462208546
1.5,100,-100,"auto",10000,0.00806516773595518,0.53357700586793,0.0144257059359295,0.0143271731744585,0.860406974390898,0.000137998382053854,0.000131145521599802,0.0522538655567971,NA,3.39519897332265,0.0929102704619691
3,100,-100,"auto",10000,0.00973081782875318,0.299999541279648,0.028145152215838,0.0279493236324896,1.25321857948101,0.000251427234674063,0.000244173492241581,0.0297073296773177,NA,1.55713307501611,0.0754414535916812
10,100,-100,"auto",10000,0.00663086135722158,0.771471891345794,0.0844158877640794,0.0844852490055781,-0.278647259367097,0.000620095400824434,0.000619618197676404,0.000770156767214408,NA,0.338906236043735,0.0611739321743337
100,100,-100,"auto",10000,0.00744551166760022,0.636345927955073,0.498674565923826,0.498892180928439,-0.534034385086903,0.00169576646160193,0.00166050134424645,0.0212376325244634,NA,0.00886286052550966,0.0566937437186928
0.05,0.01,-10,"auto",10000,0.00752992788678974,0.622130994603962,0.00491820328429401,0.00499895065033481,-0.361226885905836,0.000468600986772747,0.000499685324991956,0.062207826935301,NA,119.899415388321,0.441632273074912
0.3,0.01,-10,"auto",10000,0.00725420618577511,0.668606377476563,0.0300264201227918,0.0299922056095982,0.0624912160181463,0.00306348631628862,0.00299766280355841,0.0219582778463528,NA,19.9792488424735,0.187528126284986
0.7,0.01,-10,"auto",10000,0.00828452432580446,0.498619115872937,0.0700915919509243,0.0699762209161123,0.137965038582143,0.00716635834154289,0.00699287045012974,0.0248092528884087,NA,8.5598027427024,0.129983400433762
1,0.01,-10,"auto",10000,0.00629217574995289,0.823398498733158,0.101328551725395,0.0999600399409126,1.36933226314375,0.0105494018478882,0.00998801995869276,0.0562055233687088,NA,5.99042822074396,0.113069382032407
1.5,0.01,-10,"auto",10000,0.00774689216694245,0.585815794389304,0.150689192214931,0.149925089845087,0.624354479070653,0.0157361834366862,0.0149775448916127,0.0506517290092317,NA,3.99202689366619,0.0979144679292387
3,0.01,-10,"auto",10000,0.0060376589677299,0.859257306355105,0.3013872149532,0.299760430937574,0.940349909426447,0.0309372696684019,0.0299282152570487,0.0337158231015981,NA,1.99362960459462,0.0799362706620179
10,0.01,-10,"auto",10000,0.0061403462132293,0.845171691218244,0.99705185921421,0.997810060131452,-0.240553266551964,0.0996593182133479,0.0993450181745157,0.00316372219369945,NA,0.594775345837802,0.0644332255388513
100,0.01,-10,"auto",10000,0.00771129805654226,0.591743809837787,9.79834135351855,9.80580588561031,-0.768589094001037,0.955901913621327,0.943228128575782,0.0134366063326394,NA,0.0416798100343292,0.0571549446334692
0.05,1,-10,"auto",10000,0.00713288703685799,0.68901480949931,0.00477491274613312,0.0049009244153066,-0.580410052159289,0.000435517219320481,0.000471358863342479,0.0760389732948672,NA,111.63584278293,0.426400455502439
0.3,1,-10,"auto",10000,0.00740836567592968,0.642608642658402,0.0292253277522865,0.0292705831241536,-0.0856728745134804,0.00285521698601527,0.00279031734280382,0.0232588753314486,NA,18.3025442924326,0.180233378894955
0.7,1,-10,"auto",10000,0.007762300783916,0.583253985534262,0.0679046729429554,0.0678055477447178,0.124152437404567,0.0064751377429089,0.00637466897144967,0.0157606256747136,NA,7.6446164173234,0.124223130968904
1,1,-10,"auto",10000,0.00625324258835824,0.829082682065942,0.097927107447796,0.0963500274318408,1.66548759861943,0.00961581365895887,0.00896653505467975,0.0724113161125994,NA,5.2512340718922,0.107712462208546
1.5,1,-10,"auto",10000,0.00806516773595518,0.53357700586793,0.144257059359295,0.143271731744585,0.860406974390915,0.0137998382053854,0.0131145521599804,0.0522538655567805,NA,3.39519897332265,0.0929102704619691
3,1,-10,"auto",10000,0.00973081782875918,0.299999541278955,0.28145152215838,0.279493236324895,1.25321857948109,0.0251427234674064,0.024417349224159,0.0297073296772791,NA,1.55713307501612,0.0754414535916812
10,1,-10,"auto",10000,0.00663086135189546,0.771471892192337,0.844158877640796,0.844852490055782,-0.278647259366745,0.062009540082444,0.0619618197676329,0.000770156767346114,NA,0.338906236043734,0.0611739321743337
100,1,-10,"auto",10000,0.00744551166760783,0.636345927953792,4.98674565923826,4.98892180928441,-0.534034385093975,0.169576646160192,0.166050134424296,0.0212376325266014,NA,0.00886286052551055,0.0566937437186928
0.05,100,-10,"auto",10000,0.00888178447905874,0.409260424343573,0.00265688039505802,0.00268036948809301,-0.225194354377884,0.000104686618379341,0.000108797145002649,0.0377815669998322,NA,55.4037685528319,0.303061098929789
0.3,100,-10,"auto",10000,0.00840562257849676,0.479768162788868,0.0148208395552479,0.0148442015661536,-0.100773279008376,0.000542917848349964,0.000537439601555721,0.0101932324644215,NA,7.94564656358849,0.126146876702285
0.7,100,-10,"auto",10000,0.00898584471021353,0.394691105589069,0.0311774342417505,0.0311528859527833,0.0787446120827238,0.000990198598786206,0.000971853399173711,0.018876509181419,NA,2.74629861984755,0.0871440060575372
1,100,-10,"auto",10000,0.00566091633343869,0.90575386532174,0.0416114540846907,0.0416352820649349,-0.0692270547542962,0.00118081377674091,0.00118473918412657,0.0033133093243214,NA,1.6661318620337,0.0765885825645959
1.5,100,-10,"auto",10000,0.00700415093955231,0.710544064276695,0.0570384980977665,0.056855891758961,0.483801711004631,0.00143120895298316,0.00142461298434526,0.00463000738472762,NA,0.90120804161707,0.0681317317157528
3,100,-10,"auto",10000,0.00735650177983704,0.651356404766918,0.0928937209281206,0.0926727774518063,0.523963411648646,0.0017981266894534,0.00177811744677767,0.0112530489546628,NA,0.282339667823729,0.0604296571934507
10,100,-10,"auto",10000,0.00636791251032776,0.812155910279078,0.195281165218906,0.195162085105233,0.256596686805073,0.00217496837753868,0.00215365628211623,0.00989577380542308,NA,0.0322604925954053,0.0570229496619795
100,100,-10,"auto",10000,0.00748022229079721,0.630497406948225,0.680429325135168,0.680846872575279,-0.851394631113847,0.00243610150548028,0.00240519247569854,0.0128509589540299,NA,0.000653104880837141,0.0565777780388143
0.05,0.01,-2,"auto",10000,0.00780506266317738,0.576159426920976,0.0239763023735808,0.0248707340991629,-0.806218583584901,0.0111071172577546,0.012308036669078,0.0975719721684336,NA,117.606598318902,0.43745920645272
0.3,0.01,-2,"auto",10000,0.00734264446227202,0.653693901716025,0.148945487405867,0.149042067579217,-0.0356048337186027,0.0750758082356092,0.0735797041700309,0.0203331079195563,NA,19.5085652890762,0.185509310986058
0.7,0.01,-2,"auto",10000,0.00799822804089046,0.544430831425961,0.348387527721094,0.347088357832603,0.314453881629473,0.175964275774564,0.170693888596797,0.030876249999882,NA,8.29817117765102,0.128363054981726
1,0.01,-2,"auto",10000,0.00610965231700189,0.849438943681659,0.501970926136093,0.495120583673021,1.39024201792128,0.25784323472294,0.242797240321155,0.0619693798079531,NA,5.77628190403633,0.111543942222149
1.5,0.01,-2,"auto",10000,0.0080172305049382,0.541341633482242,0.744303100199718,0.740894740587958,0.566801047583712,0.375790757529844,0.361600924573287,0.0392416943438461,NA,3.81537007778874,0.0964603137277813
3,0.01,-2,"auto",10000,0.00600683977834549,0.863375813347037,1.4789840676566,1.47127248303095,0.9164179318165,0.735589802190574,0.70810897758141,0.0388087504596066,NA,1.85646005040859,0.0785514868137691
10,0.01,-2,"auto",10000,0.00569388261688154,0.902040620008788,4.74977460497365,4.75259772167831,-0.192398865770417,2.15393624452672,2.15304272806696,0.000415001731321208,NA,0.495369820913651,0.0631869584128073
100,0.01,-2,"auto",10000,0.00720945913870747,0.676142968654157,36.525352356436,36.541733067065,-0.50483652844167,10.6900082830438,10.5284377488592,0.0153461071849947,NA,0.0201494215967619,0.0568527842286974
0.05,1,-2,"auto",10000,0.00769097788223916,0.5951340696645,0.0182963440218308,0.0187531760597397,-0.594989643277623,0.00546547444506626,0.00589514232793274,0.0728850736699952,NA,70.2970650479136,0.340110723260325
0.3,1,-2,"auto",10000,0.00609201544156031,0.851869273303946,0.107381333077245,0.107234635708176,0.0829631987134124,0.0319750846546577,0.0312660971963588,0.0226759180669791,NA,10.5464233312119,0.141683722882832
0.7,1,-2,"auto",10000,0.00730777872643091,0.659574630010123,0.23346944921818,0.233862383260027,-0.158515902869844,0.0612950134738528,0.0614460024359139,0.00245726257324315,NA,3.87750068025404,0.096974228991039
1,1,-2,"auto",10000,0.00442368382450121,0.989640153040422,0.320969449023081,0.319483757117396,0.530447401420484,0.0797166590192097,0.0784463718207574,0.0161930650069425,NA,2.44575007730994,0.0843397896825449
1.5,1,-2,"auto",10000,0.00691933820064539,0.724618008886889,0.451399554228996,0.448731570858562,0.844077069608874,0.104641145892318,0.0999084064562445,0.047370782939538,NA,1.39516319666963,0.0737038744888721
3,1,-2,"auto",10000,0.00640819856380614,0.806081400850552,0.770970224665102,0.769833849938736,0.306432967218965,0.139404029462949,0.137521993549767,0.0136853449008589,NA,0.483340222047055,0.0630344695803438
10,1,-2,"auto",10000,0.0054856253848617,0.924253144137976,1.74992299080703,1.74972365228346,0.0458833637145677,0.190503152144146,0.188743488356372,0.00932304368801327,NA,0.0622452688776391,0.0574420789161066
100,1,-2,"auto",10000,0.00823403832490928,0.506576146249633,6.56799693503613,6.57236138142812,-0.906696497682042,0.235515246143496,0.231704490484105,0.0164466197932924,NA,0.00130653924614066,0.0565870167334683
0.05,100,-2,"auto",10000,0.0104091184884518,0.228698478166377,0.00379362630110768,0.00385746211651505,-0.455337068382676,0.000188633078144138,0.000196545364854501,0.0402567962679759,NA,41.6307655335548,0.264214353988741
0.3,100,-2,"auto",10000,0.00807854832998218,0.531417175409213,0.0203368930026733,0.0203805389342571,-0.147061215674881,0.000885027776661219,0.00088082824340666,0.00476770958015217,NA,5.61119627608392,0.110353586447085
0.7,100,-2,"auto",10000,0.00892939274417149,0.402555605560587,0.0405642725816114,0.0406646966479778,-0.264664961198415,0.00146241945847321,0.00143973548004816,0.0157556570213109,NA,1.78073961271058,0.0777764963233555
1,100,-2,"auto",10000,0.00726258983042839,0.66719349596726,0.0527557918835251,0.0529354889475216,-0.43992697587585,0.00164946636206132,0.0016684791204116,0.0113952629779326,NA,1.02371887839474,0.0695553751009337
1.5,100,-2,"auto",10000,0.00802659631319269,0.53982137128836,0.0704253012017376,0.070046093023514,0.871550911667691,0.00192053832403277,0.00189308392190608,0.014502474934682,NA,0.514321623725266,0.0634264503023811
3,100,-2,"auto",10000,0.00673202170195675,0.75525631837134,0.108604739645949,0.108406824158109,0.425463165522135,0.00220096466762601,0.00216389223437181,0.017132291832899,NA,0.139571039992449,0.0585090904389046
10,100,-2,"auto",10000,0.00616716465006002,0.84140485196922,0.213317096398789,0.213282653933076,0.0706345624353369,0.00240035410160355,0.00237768299193305,0.00953495892741929,NA,0.0127181979639008,0.0567481199401552
100,100,-2,"auto",10000,0.00869091049454602,0.436790655959691,0.699798847386943,0.700371533869795,-1.15091084388131,0.0025177451770545,0.00247599920617197,0.016860252127087,NA,0.0001843112049289,0.0565711489889315
0.05,0.01,0,"auto",10000,0.00719086563084781,0.679271856577108,0.452750813871758,0.428444172090973,1.5970365149888,2.48569765056896,2.31643559140128,0.0730700477043231,NA,38.065790744123,0.253190175936186
0.3,0.01,0,"auto",10000,0.00726850797400581,0.666195988207525,2.23876719012585,2.22626101791078,0.394617372795239,10.3941922582255,10.0437618801309,0.0348903510733275,NA,5.0171437142622,0.105959567490716
0.7,0.01,0,"auto",10000,0.0106590771073464,0.205920120069917,4.36037038541209,4.36928326174829,-0.223455719215528,16.2041684981423,15.9093637786062,0.0185302645434802,NA,1.5429649482424,0.0752910613365746
1,0.01,0,"auto",10000,0.0114651535402143,0.144247687679196,5.70077605184955,5.64189583547756,1.38135005330227,18.7433184214535,18.1690113816209,0.0316091518558635,NA,0.869177303605975,0.0677545842417291
1.5,0.01,0,"auto",10000,0.0105737624158671,0.213490411468172,7.36906125077805,7.3966877979716,-0.613332792766503,20.3445063834921,20.2890096193381,0.00273531163892267,NA,0.424253430839145,0.0622800569150561
3,0.01,0,"auto",10000,0.00909735748653717,0.379433526538083,11.3454368836648,11.2837916709551,1.29454065906116,22.5892856321327,22.6760455264839,0.0038260592769509,NA,0.108163842816294,0.0580780694281936
10,0.01,0,"auto",10000,0.00867344508393431,0.43936034389099,21.8346071823249,21.809490743564,0.509029837598739,24.5000615325827,24.3461135063974,0.00632331013099489,NA,0.00852028621176126,0.0566889094791814
100,0.01,0,"auto",10000,0.0102126154373586,0.247902380183767,70.5690542043748,70.5341251487686,0.699460333810028,25.0564066289591,24.9371894978476,0.00478069636202324,NA,7.45868161464713e-05,0.0565695973019592
0.05,1,0,"auto",10000,0.00719086563084781,0.679271856577108,0.0452750813871758,0.0428444172090973,1.59703651498878,0.024856976505692,0.0231643559140128,0.0730700477044269,NA,38.0657907441229,0.253190175936186
0.3,1,0,"auto",10000,0.00726850797400581,0.666195988207525,0.223876719012584,0.222626101791078,0.394617372795218,0.103941922582255,0.100437618801309,0.0348903510733252,NA,5.01714371426221,0.105959567490716
0.7,1,0,"auto",10000,0.0106590771073464,0.205920120069917,0.436037038541209,0.436928326174829,-0.223455719215517,0.162041684981422,0.159093637786062,0.0185302645434763,NA,1.5429649482424,0.0752910613365746
1,1,0,"auto",10000,0.0114651535402143,0.144247687679196,0.570077605184955,0.564189583547756,1.38135005330224,0.187433184214535,0.181690113816209,0.0316091518558614,NA,0.869177303605974,0.0677545842417291
1.5,1,0,"auto",10000,0.0105737624158672,0.213490411468162,0.736906125077805,0.73966877979716,-0.613332792766547,0.203445063834921,0.202890096193381,0.00273531163892349,NA,0.42425343083912,0.0622800569150558
3,1,0,"auto",10000,0.00909735748653717,0.379433526538083,1.13454368836648,1.12837916709551,1.29454065906103,0.225892856321327,0.226760455264837,0.0038260592769435,NA,0.108163842816294,0.0580780694281936
10,1,0,"auto",10000,0.0086734450839342,0.439360343891007,2.18346071823249,2.1809490743564,0.509029837598774,0.245000615325827,0.243461135063975,0.00632331013098873,NA,0.00852028621176482,0.0566889094791814
100,1,0,"auto",10000,0.0102126154373585,0.247902380183778,7.05690542043748,7.05341251487693,0.699460333797636,0.250564066289591,0.249371894977521,0.00478069636587029,NA,7.45868161464713e-05,0.0565695973019592
0.05,100,0,"auto",10000,0.00719086563084781,0.679271856577108,0.00452750813871758,0.00428444172090973,1.59703651498882,0.000248569765056911,0.000231643559140128,0.0730700477043855,NA,38.065790744123,0.253190175936186
0.3,100,0,"auto",10000,0.00726850797400581,0.666195988207525,0.0223876719012585,0.0222626101791078,0.394617372795242,0.00103941922582256,0.00100437618801309,0.0348903510733316,NA,5.0171437142622,0.105959567490716
0.7,100,0,"auto",10000,0.0106590771073464,0.205920120069917,0.0436037038541209,0.0436928326174829,-0.223455719215503,0.00162041684981422,0.00159093637786062,0.0185302645434769,NA,1.5429649482424,0.0752910613365746
1,100,0,"auto",10000,0.0114651535402144,0.144247687679189,0.0570077605184955,0.0564189583547756,1.38135005330227,0.00187433184214535,0.00181690113816209,0.031609151855864,NA,0.869177303605977,0.0677545842417291
1.5,100,0,"auto",10000,0.0105737624158672,0.213490411468162,0.0736906125077805,0.073966877979716,-0.613332792766491,0.0020344506383492,0.00202890096193381,0.00273531163891929,NA,0.42425343083913,0.062280056915056
3,100,0,"auto",10000,0.00909735748653728,0.379433526538068,0.113454368836648,0.112837916709551,1.29454065906116,0.00225892856321327,0.00226760455264838,0.00382605927695164,NA,0.108163842816293,0.0580780694281935
10,100,0,"auto",10000,0.00867344508393431,0.43936034389099,0.218346071823249,0.21809490743564,0.509029837598917,0.00245000615325828,0.00243461135063978,0.00632331013098008,NA,0.00852028621176126,0.0566889094791814
100,100,0,"auto",10000,0.0102126154373584,0.247902380183789,0.705690542043748,0.7053412514877,0.699460333785617,0.0025056406628959,0.0024937189497658,0.00478069636966158,NA,7.45868161486918e-05,0.0565695973019593
0.05,0.01,2,"auto",10000,0.00824276074997232,0.505197445568831,99.5345715186291,99.5202509491778,0.202029579823358,50.8564004329379,50.2447459304585,0.0121735017493355,NA,0.00015616727946588,0.056570750990659
0.3,0.01,2,"auto",10000,0.0082353588172972,0.506367318786674,99.6600514436935,99.6469572660218,0.184847884151893,50.7934461914746,50.1796342258058,0.012232292545351,NA,0.000113852912040358,0.056570152595333
0.7,0.01,2,"auto",10000,0.0075812116083253,0.61351315530386,99.8026990028165,99.8490069287222,-0.654392495938584,51.3191530140479,50.076508220207,0.0248149249619498,NA,4.79760115923433e-05,0.0565692209741176
1,0.01,2,"auto",10000,0.0080224606044097,0.540492490663278,99.9537761506777,100.000000000001,-0.653703946180187,51.2432793666431,49.9999999999054,0.0248655873348002,NA,1.77635683940025e-15,0.0565685424949238
1.5,0.01,2,"auto",10000,0.00866059317698038,0.441256536766323,100.205064533526,100.250631374802,-0.645225646420402,49.5486309006048,49.8740464337989,0.00652474696686266,NA,-7.73329894969699e-05,0.0565685424949238
3,0.01,2,"auto",10000,0.00959073187015931,0.316489213696308,100.934383820986,100.995024875621,-0.861849670353196,49.3588629373928,49.5074379348025,0.00300106415535655,NA,-0.000290963853785797,0.0565685424949238
10,0.01,2,"auto",10000,0.00964961477359212,0.309483097197848,104.270582679722,104.33240290305,-0.892391075264852,47.7095572982104,47.9899947806116,0.00584366561578648,NA,-0.00100553305973428,0.0565685424949238
100,0.01,2,"auto",10000,0.00860016727900649,0.450231336313368,136.320509899068,136.374510849561,-0.859828060908643,39.4631838292713,39.4438754991425,0.000489514021746799,NA,-0.00156193371228008,0.0565685424949238
0.05,1,2,"auto",10000,0.00740141377830456,0.643781029675673,0.185326942007022,0.186495057125501,-0.277874930101899,0.173415224970647,0.176714650793257,0.0186709240450626,NA,7.75582669228143,0.124937275092945
0.3,1,2,"auto",10000,0.0057271345667057,0.898222457384146,0.648876764063612,0.648367109636886,0.0828967021721196,0.377740746604305,0.377987200777996,0.000652017246043932,NA,0.205246278783838,0.059400286582256
0.7,1,2,"auto",10000,0.00939338804547108,0.340761121455486,0.958927181927076,0.963607079265413,-0.75416668388552,0.388278967219705,0.385068476054993,0.00833745519135639,NA,-0.183227584820074,0.0565685424949238
1,1,2,"auto",10000,0.00720376743112672,0.677100954357218,1.11253134101424,1.11263562131433,-0.0170362266785888,0.37356932688946,0.374677595496807,0.00295792601603953,NA,-0.179719642399015,0.0565685424949238
1.5,1,2,"auto",10000,0.00532116820857455,0.939629320962479,1.29838740723575,1.30021177402245,-0.304204345061178,0.359413280937845,0.359661116715845,0.00068908137822354,NA,-0.14128361409185,0.0565685424949238
3,1,2,"auto",10000,0.00917628267419466,0.368860688211856,1.68968556541156,1.68994855788161,-0.045504620700801,0.341807441487825,0.334022429595486,0.0233068536797562,NA,-0.0734806951007076,0.0565685424949238
10,1,2,"auto",10000,0.00725701715011372,0.668132676047467,2.72208538882961,2.7248504189216,-0.504788950331311,0.306419227515772,0.300040613424373,0.0212591689458299,NA,-0.0181875077864895,0.0565685424949238
100,1,2,"auto",10000,0.0073383759425857,0.654413918070263,7.56548974053265,7.56986152085235,-0.845970994503166,0.271109755053766,0.267058075971356,0.0151715280194134,NA,-0.000861736714076411,0.0565685424949238
0.05,100,2,"auto",10000,0.00983425214844103,0.288218788029757,0.00468461051935117,0.00478950064817064,-0.632562239006756,0.000258225821037368,0.000274955690022879,0.0608456911152463,NA,34.5034980170506,0.241672499112499
0.3,100,2,"auto",10000,0.00658079638641613,0.779392988328361,0.0242204519594287,0.0244115493138728,-0.563958910784766,0.00112398667231554,0.00114819175323508,0.0210810440428139,NA,4.4276456998615,0.101411208057978
0.7,100,2,"auto",10000,0.00993951994598858,0.276572527834388,0.0465288114428126,0.047038847113376,-1.21653276173931,0.00172716937466536,0.0017577353333782,0.0173893976712004,NA,1.31052161895562,0.0727793555229022
1,100,2,"auto",10000,0.00856594735093463,0.455356765806821,0.0605859961204821,0.0602107346996983,0.844025024813901,0.00200485546384059,0.00197677477391953,0.0142053056784916,NA,0.71969314803899,0.0659659687783207
1.5,100,2,"auto",10000,0.00815802629389662,0.518658891223473,0.0776023200364785,0.0781663467884798,-1.21032280852174,0.00213137165635299,0.00217168569762792,0.01856347873864,NA,0.338369268710976,0.0611669095993705
3,100,2,"auto",10000,0.00720022080317084,0.677697811732681,0.117896959071552,0.117478723577074,0.85846562151556,0.00237951736444404,0.00237353674247222,0.0025197090336945,NA,0.0788644631509969,0.0576730711948098
10,100,2,"auto",10000,0.00748657117954139,0.629428140471044,0.222957601873498,0.223021233941534,-0.127474859175979,0.00252558320715174,0.00249174155061081,0.0135815275595616,NA,0.00460603866652409,0.0566336442573356
100,100,2,"auto",10000,0.00866782778574183,0.440188579646282,0.709750997270118,0.71034641093111,-1.18811188567132,0.00255177924225917,0.00251144058660224,0.0160619589697334,NA,-3.21645032372864e-05,0.0565685424949238
0.05,0.01,10,"auto",10000,0.00829086310858229,0.497624041212819,499.939414505608,499.904962914617,0.487172741179515,50.1825798594026,50.009510643722,0.00346072603896473,NA,2.288052045607e-07,0.0565685457307179
0.3,0.01,10,"auto",10000,0.00828811737400481,0.498054961868056,499.964332964047,499.929976179583,0.48584426419481,50.1806643286155,50.0070068733185,0.00347266245582239,NA,1.68525727595181e-07,0.0565685448782374
0.7,0.01,10,"auto",10000,0.00517722900505546,0.951465050261596,499.933892560317,499.969992195535,-0.510510613124874,50.089756187507,50.0030017640383,0.00173498430910269,NA,7.21790023305857e-08,0.056568543515689
1,0.01,10,"auto",10000,0.00802246060441081,0.540492490663097,499.953776150678,499.999999999956,-0.653703945406028,51.2432793666431,50.0000000218279,0.0248655868854487,NA,1.77635683940025e-15,0.0565685424949238
1.5,0.01,10,"auto",10000,0.00835003570496585,0.488378914352312,500.005676935044,500.050005000364,-0.626924863004823,49.6780187899734,49.9949993177725,0.0063402446669577,NA,-1.2014420169848e-07,0.0565685424949238
3,0.01,10,"auto",10000,0.00845912437927755,0.471550529439037,500.153210629088,500.199960010026,-0.661268279798472,49.6344498631248,49.9800109814969,0.00691398644350134,NA,-4.79423904131693e-07,0.0565685424949238
10,0.01,10,"auto",10000,0.00860135649090627,0.450053770485264,500.84963034385,500.898564308311,-0.69265146168219,49.6210601216218,49.9104280285537,0.00579774444663941,NA,-2.13343664690058e-06,0.0565685424949238
100,0.01,10,"auto",10000,0.00901917109616597,0.390092430219101,509.660295479503,509.713178972603,-0.754980442902555,48.9378727226813,49.0646679445053,0.0025842470179857,NA,-2.04289730074692e-05,0.0565685424949238
0.05,1,10,"auto",10000,0.00763211980930145,0.604976504462315,4.89909443571136,4.90086592993797,-0.247854100748728,0.517645948212888,0.510842786463101,0.0133175253327738,NA,0.00349646241317636,0.0566179683480526
0.3,1,10,"auto",10000,0.00761400871675866,0.608011201084758,4.92564533912041,4.9273762808994,-0.242894192085836,0.514828149594402,0.507844390926973,0.0137517688335224,NA,0.00243860303031873,0.0566030190435856
0.7,1,10,"auto",10000,0.00811725054571448,0.525189097295225,4.96626649272282,4.96915617925809,-0.407334484330179,0.519376404020024,0.503267762431573,0.032008093486102,NA,0.000960842350544944,0.0565821292261158
1,1,10,"auto",10000,0.00802246060427136,0.540492490685731,4.99537761506777,5.00000000000394,-0.653703946736502,0.512432793666432,0.4999999999803,0.024865587373244,NA,-1.84132709080131e-09,0.0565685424949238
1.5,1,10,"auto",10000,0.0096926170302541,0.304435194993347,5.04428686024329,5.05052176836428,-0.886335665531966,0.493843977201626,0.494838709099955,0.00201021439923054,NA,-0.00136906285979599,0.0565685424949238
3,1,10,"auto",10000,0.00957553161353498,0.31831544458449,5.18997083753235,5.19607843137252,-0.880490952129738,0.48027740097164,0.481161091887905,0.00183658016236872,NA,-0.00421579602075139,0.0565685424949238
10,1,10,"auto",10000,0.00878923873160765,0.422480464102339,5.78512433079173,5.78803791496604,-0.439836188913696,0.434557680916342,0.438806669745745,0.00968305434341879,NA,-0.00773336709118455,0.0565685424949238
100,1,10,"auto",10000,0.00670089199958014,0.760274359882262,9.97118547784214,9.97776150233758,-1.13942893648855,0.333879622107552,0.333082914158069,0.00239192079694897,NA,-0.00223182394583077,0.0565685424949238
0.05,100,10,"auto",10000,0.00895458403560245,0.399034564339947,0.00800511672395123,0.00805106293724118,-0.189521938354433,0.00057804047616515,0.00058773353244264,0.0164922634875133,NA,20.9199354291653,0.191499077508651
0.3,100,10,"auto",10000,0.00697010631029911,0.716205787891527,0.0365264670368013,0.0366442041946121,-0.263967904945222,0.00201105078363742,0.00198941250867418,0.0108767160500365,NA,2.22111192702727,0.0821813791758427
0.7,100,10,"auto",10000,0.00769031890892309,0.595244084235964,0.0641861377528388,0.0642428188528678,-0.111482807796889,0.00262115162448838,0.002585001168481,0.0139846961959495,NA,0.478650269708282,0.0629749190673021
1,100,10,"auto",10000,0.0121729038477538,0.10325204474679,0.0784424099110894,0.0788978181372631,-0.873201367796473,0.00276163173248776,0.00272002520004251,0.0152963775646642,NA,0.200768600123448,0.0593399507936897
1.5,100,10,"auto",10000,0.00512791948248904,0.955168550119794,0.0979557572520089,0.0979939813326405,-0.0722770192371382,0.00282282618025305,0.00279687868921013,0.00927730299602368,NA,0.0514479863589599,0.0572915070335415
3,100,10,"auto",10000,0.00678006899181693,0.747466257440443,0.138501638946022,0.138204338050369,0.560867435973529,0.0027864544332225,0.00280977784657773,0.0083008033477245,NA,-0.0143791750821167,0.0565685424949238
10,100,10,"auto",10000,0.00639011993528766,0.80881518943076,0.243800941150422,0.243870937439867,-0.134199110117601,0.00274842552525701,0.00272051274419384,0.0102601177380027,NA,-0.008213047919293,0.0565685424949238
100,100,10,"auto",10000,0.00767029581250152,0.598588934473618,0.730292283939968,0.7307214091554,-0.844464318927614,0.00261459668173256,0.00258229265971666,0.0125098221901174,NA,-0.000429706559888832,0.0565685424949238
0.05,0.01,100,"auto",10000,0.00796297278376301,0.550178515194653,5000.00953989166,4999.99049996295,0.269264998302149,50.3808700591925,50.0000949986279,0.00761548674207693,NA,2.27995400337022e-11,0.0565685424952462
0.3,0.01,100,"auto",10000,0.00796294559709221,0.55018295544486,5000.01203861134,4999.9929999762,0.269246771795991,50.3808562553693,50.00007000193,0.00761571440649095,NA,1.67990066302082e-11,0.0565685424951614
0.7,0.01,100,"auto",10000,0.00489716888448,0.970143549573903,4999.95902604379,4999.9969999922,-0.537032567495392,49.8434214838234,50.0000299997628,0.00313216843950215,NA,7.20046244850892e-12,0.0565685424950256
1,0.01,100,"auto",10000,0.00802246060442557,0.540492490660701,4999.95377615068,5000,-0.65370394616128,51.2432793666432,50,0.0248655873328642,NA,1.77635683940025e-15,0.0565685424949238
1.5,0.01,100,"auto",10000,0.00834703199215054,0.488846277364451,4999.96068192904,5000.005000005,-0.626752554130595,49.6780187899734,49.9999499991536,0.00643863062234403,NA,-1.19997345393585e-11,0.0565685424949238
3,0.01,100,"auto",10000,0.00834711159510488,0.488833888829817,4999.97568185404,5000.01999996,-0.626753918515478,49.6780187899734,49.9998000003397,0.00643564994988314,NA,-4.80002704250637e-11,0.0565685424949238
10,0.01,100,"auto",10000,0.00834748717789769,0.488775439210262,5000.0456803141,5000.08999856004,-0.62676028528349,49.6780187899734,49.9991000443697,0.0064217406735596,NA,-2.15975237694011e-10,0.0565685424949238
100,0.01,100,"auto",10000,0.00845233670199398,0.472589203621005,5000.94449636105,5000.98980603564,-0.640838972054963,49.6711294786858,49.9901058152318,0.00638078938510217,NA,-2.37228858779304e-09,0.0565685424949238
0.05,1,100,"auto",10000,0.00829086310858229,0.497624041212819,49.9939414505608,49.9904962914679,0.487172740459388,0.501825798594028,0.500095106129265,0.00346072665689196,NA,2.28805204116611e-07,0.0565685457307179
0.3,1,100,"auto",10000,0.00828811737400481,0.498054961868056,49.9964332964047,49.9929976179644,0.485844263473379,0.501806643286153,0.500070068424975,0.00347266307429129,NA,1.68525727595181e-07,0.0565685448782374
0.7,1,100,"auto",10000,0.00517722900505546,0.951465050261596,49.9933892560317,49.9969992195597,-0.510510614153083,0.500897561875072,0.500030017332392,0.00173498492612069,NA,7.21790054392102e-08,0.0565685435156891
1,1,100,"auto",10000,0.00802246060440914,0.540492490663368,49.9953776150678,50.0000000000018,-0.653703946478091,0.512432793666432,0.499999999910415,0.0248655875164901,NA,4.44089209850063e-16,0.0565685424949238
1.5,1,100,"auto",10000,0.00835003570496585,0.488378914352312,50.0005676935044,50.0050005000426,-0.62692486406996,0.49678018789973,0.49994999286946,0.00634024405428407,NA,-1.20144203918926e-07,0.0565685424949238
3,1,100,"auto",10000,0.00845912437927755,0.471550529439037,50.0153210629088,50.0199960010087,-0.661268280873086,0.496344498631249,0.49980010950685,0.00691398583127807,NA,-4.79423903243514e-07,0.0565685424949238
10,1,100,"auto",10000,0.00860135649090627,0.450053770485264,50.084963034385,50.0898564308372,-0.692651462772831,0.496210601216217,0.499104279975654,0.00579774382936213,NA,-2.13343664468013e-06,0.0565685424949238
100,1,100,"auto",10000,0.00901917109616597,0.390092430219101,50.9660295479503,50.9713178972666,-0.75498044404954,0.489378727226812,0.490646679118981,0.00258424635512902,NA,-2.04289730043605e-05,0.0565685424949238
0.05,100,100,"auto",10000,0.00763211980930145,0.604976504462315,0.489909443571136,0.490086592993796,-0.247854100747913,0.00517645948212888,0.00510842786463131,0.0133175253327136,NA,0.00349640503421211,0.0566179675372998
0.3,100,100,"auto",10000,0.00761400871675866,0.608011201084758,0.49256453391204,0.49273762808994,-0.242894192085128,0.00514828149594403,0.00507844390927001,0.0137517688334695,NA,0.00243862328782463,0.0566030193298955
0.7,100,100,"auto",10000,0.00811725054571525,0.5251890972951,0.496626649272282,0.496915617925809,-0.407334484329402,0.00519376404020027,0.00503267762431597,0.032008093486058,NA,0.0009608423505445,0.0565821292261158
1,100,100,"auto",10000,0.00802246060427148,0.540492490685713,0.499537761506777,0.500000000000393,-0.653703946735653,0.00512432793666431,0.00499999999980327,0.0248655873731863,NA,-1.84132797897973e-09,0.0565685424949238
1.5,100,100,"auto",10000,0.0096926170302541,0.304435194993347,0.504428686024329,0.505052176836427,-0.886335665531117,0.00493843977201624,0.00494838709099987,0.00201021439929818,NA,-0.00136906285989591,0.0565685424949238
3,100,100,"auto",10000,0.00957553161353498,0.31831544458449,0.518997083753235,0.519607843137251,-0.880490952129041,0.00480277400971637,0.00481161091887933,0.00183658016243162,NA,-0.00421579602075095,0.0565685424949238
10,100,100,"auto",10000,0.00878923873161076,0.422480464101891,0.578512433079173,0.578803791496606,-0.439836188916056,0.00434557680916341,0.0043880666974565,0.00968305434320876,NA,-0.007733367091185,0.0565685424949238
100,100,100,"auto",10000,0.00670089199958014,0.760274359882262,0.997118547784214,0.997776150233767,-1.13942893650746,0.00333879622107551,0.00333082914156646,0.00239192080122789,NA,-0.00223182394583032,0.0565685424949238
0.05,0.01,1000,"auto",10000,0.00823340298087094,0.506676635214578,50000.0037390149,49999.99905,0.0663126843676739,50.3384467017171,50.0000009536743,0.00676891483174936,NA,2.22044604925031e-15,0.0565685424949238
0.3,0.01,1000,"auto",10000,0.00823340298087094,0.506676635214578,50000.0039890098,49999.9993,0.0663126121410843,50.3384463116414,50.0000004768372,0.00676891663153138,NA,2.22044604925031e-15,0.0565685424949238
0.7,0.01,1000,"auto",10000,0.00483308710778563,0.973629282219497,49999.9626170651,49999.9997,-0.524431894133722,49.6339164842747,50,0.00732167031450587,NA,1.33226762955019e-15,0.0565685424949238
1,0.01,1000,"auto",10000,0.00802246060435796,0.540492490671675,49999.9537761507,50000,-0.653703946135556,51.2432793666434,50,0.0248655873328673,NA,1.77635683940025e-15,0.0565685424949238
1.5,0.01,1000,"auto",10000,0.00834700349104035,0.488850713001817,49999.956181934,50000.0005,-0.626752102433421,49.6780187899735,49.9999995231628,0.0064396147252005,NA,-2.22044604925031e-15,0.0565685424949238
3,0.01,1000,"auto",10000,0.00834700349104035,0.488850713001817,49999.957681934,50000.002,-0.626752111810772,49.6780187899735,49.9999980926514,0.00643958629920878,NA,-5.77315972805081e-15,0.0565685424949238
10,0.01,1000,"auto",10000,0.00834700681811941,0.488850195206412,49999.9646819324,50000.0089999986,-0.626752158697535,49.6780187899735,49.999990940094,0.00643944416922578,NA,-2.22044604925031e-14,0.0565685424949238
100,0.01,1000,"auto",10000,0.00834705506076329,0.488842687202304,50000.054681738,50000.098999806,-0.626752748957106,49.6780187899735,49.9999008178711,0.00643765332795584,NA,-2.37587727269783e-13,0.0565685424949238
0.05,1,1000,"auto",10000,0.00796297280301705,0.55017851205,500.000953989166,499.999049996295,0.269264998304546,0.503808700591925,0.500000950007234,0.0076154866998479,NA,2.28026486581712e-11,0.0565685424952463
0.3,1,1000,"auto",10000,0.00796294561634614,0.550182952300217,500.001203861134,499.99929999762,0.269246771802968,0.503808562553692,0.50000070000533,0.00761571443464297,NA,1.68016711654673e-11,0.0565685424951614
0.7,1,1000,"auto",10000,0.00489716890467795,0.970143548430121,499.995902604379,499.99969999922,-0.537032567496107,0.498434214838233,0.500000300002284,0.0031321684487876,NA,7.20135062692862e-12,0.0565685424950256
1,1,1000,"auto",10000,0.00802246060441714,0.54049249066207,499.995377615068,500,-0.653703946169319,0.512432793666433,0.5,0.0248655873328654,NA,4.44089209850063e-16,0.0565685424949238
1.5,1,1000,"auto",10000,0.00834703199215054,0.488846277364451,499.996068192904,500.0005000005,-0.62675255410622,0.496780187899731,0.499999500025297,0.00643863068943523,NA,-1.19997345393585e-11,0.0565685424949238
3,1,1000,"auto",10000,0.00834711159510488,0.488833888829817,499.997568185404,500.001999996,-0.626753918505696,0.496780187899731,0.499998000013875,0.0064356499707081,NA,-4.7999382246644e-11,0.0565685424949238
10,1,1000,"auto",10000,0.00834748716490126,0.48877544123276,500.00456803141,500.008999856004,-0.626760285299259,0.496780187899731,0.499991000426235,0.00642174063886364,NA,-2.15973461337171e-10,0.0565685424949238
100,1,1000,"auto",10000,0.00845233668899776,0.47258920561082,500.094449636105,500.098980603564,-0.640838972029876,0.496711294786858,0.499901058181422,0.00638078944295135,NA,-2.37228814370383e-09,0.0565685424949238
0.05,100,1000,"auto",10000,0.00829086310858229,0.497624041212819,4.99939414505608,4.99904962914741,0.487172739737367,0.0050182579859403,0.00500095105821075,0.00346072727529337,NA,2.28805203228433e-07,0.0565685457307179
0.3,100,1000,"auto",10000,0.00828811737400481,0.498054961868056,4.99964332964047,4.99929976179706,0.485844262752465,0.00501806643286153,0.00500070068117253,0.00347266369178552,NA,1.68525724042468e-07,0.0565685448782374
0.7,100,1000,"auto",10000,0.00517722900505546,0.951465050261596,4.99933892560317,4.99969992195658,-0.510510615181443,0.0050089756187507,0.005000300170245,0.00173498554293327,NA,7.21790036628533e-08,0.056568543515689
1,100,1000,"auto",10000,0.00802246060440914,0.540492490663368,4.99953776150678,5.0000000000008,-0.653703947551421,0.00512432793666431,0.00499999999601997,0.0248655881486624,NA,-8.88178419700125e-16,0.0565685424949238
1.5,100,1000,"auto",10000,0.00835003570496585,0.488378914352312,5.00005676935044,5.00050005000488,-0.626924865134869,0.0049678018789973,0.00499949992561,0.00634024344121305,NA,-1.20144200810302e-07,0.0565685424949238
3,100,1000,"auto",10000,0.00845912437927755,0.471550529439037,5.00153210629088,5.00199960010149,-0.661268281949033,0.00496344498631246,0.00499800109198389,0.00691398521838172,NA,-4.79423903687604e-07,0.0565685424949238
10,100,1000,"auto",10000,0.00860135649090627,0.450053770485264,5.0084963034385,5.00898564308434,-0.692651463859886,0.00496210601216216,0.00499104279666085,0.0057977432127111,NA,-2.13343664645649e-06,0.0565685424949238
100,100,1000,"auto",10000,0.00901917109616597,0.390092430219101,5.09660295479503,5.09713178972729,-0.754980445197646,0.00489378727226811,0.00490646678792572,0.00258424569158668,NA,-2.04289730048046e-05,0.0565685424949238
0.05,0.01,10000,"auto",10000,0.00919018841809327,0.3670174791205,500000.04104662,499999.999905,0.5818303750184,50.5656317216263,50.0000000095,0.0113126342403767,NA,-2.22044604925031e-15,0.0565685424949238
0.3,0.01,10000,"auto",10000,0.00919018841809327,0.3670174791205,500000.04106986,499999.99993,0.58180548698963,50.5656063331435,50.000000007,0.0113121265212869,NA,4.44089209850063e-16,0.0565685424949238
0.7,0.01,10000,"auto",10000,0.00484648040190305,0.972924271036527,499999.962088161,499999.99997,-0.53573010605827,49.6366109493372,50.000000003,0.00726778107282093,NA,-2.22044604925031e-15,0.0565685424949238
1,0.01,10000,"auto",10000,0.00802246060435796,0.540492490671675,499999.953776151,5e+05,-0.653703946547146,51.2432793666396,50,0.0248655873327921,NA,1.77635683940025e-15,0.0565685424949238
1.5,0.01,10000,"auto",10000,0.00834699184626337,0.488852525287803,499999.955731934,500000.00005,-0.626752099681967,49.678018789971,49.999999995,0.00643962410122306,NA,-4.44089209850063e-16,0.0565685424949238
3,0.01,10000,"auto",10000,0.00834720477927998,0.488819386849246,499999.955881934,500000.0002,-0.62675209977598,49.678018789971,49.99999998,0.00643962380315485,NA,0,0.0565685424949238
10,0.01,10000,"auto",10000,0.00834699184626337,0.488852525287803,499999.956581934,500000.0009,-0.626752100214706,49.678018789971,49.99999991,0.00643962241217049,NA,-8.88178419700125e-16,0.0565685424949238
100,0.01,10000,"auto",10000,0.00834699184626337,0.488852525287803,499999.965581934,500000.0099,-0.626752105855475,49.678018789971,49.9999990100001,0.0064396045280844,NA,0,0.0565685424949238
0.05,1,10000,"auto",10000,0.00823340045835252,0.506677034205089,5000.00037390149,4999.999905,0.0663126847273225,0.503384467017175,0.50000000372529,0.00676892653333628,NA,1.77635683940025e-15,0.0565685424949238
0.3,1,10000,"auto",10000,0.00823340045835252,0.506677034205089,5000.00039890098,4999.99993,0.0663126120661176,0.503384463116415,0.500000007450581,0.00676891123080338,NA,3.10862446895044e-15,0.0565685424949238
0.7,1,10000,"auto",10000,0.00483308710778563,0.973629282219497,4999.99626170651,4999.99997,-0.524431892154336,0.496339164842754,0.50000000372529,0.00732167771052134,NA,2.66453525910038e-15,0.0565685424949238
1,1,10000,"auto",10000,0.00802246060429046,0.540492490682631,4999.99537761507,5000,-0.65370394616128,0.512432793666435,0.5,0.0248655873328698,NA,4.44089209850063e-16,0.0565685424949238
1.5,1,10000,"auto",10000,0.00834700349104035,0.488850713001817,4999.9956181934,5000.00005,-0.626752101805392,0.496780187899731,0.49999999627471,0.0064396167979363,NA,-1.77635683940025e-15,0.0565685424949238
3,1,10000,"auto",10000,0.00834700349104035,0.488850713001817,4999.9957681934,5000.0002,-0.626752113865426,0.496780187899731,0.499999977648258,0.00643957978492608,NA,-4.88498130835069e-15,0.0565685424949238
10,1,10000,"auto",10000,0.00834700681811941,0.488850195206412,4999.99646819324,5000.00089999986,-0.626752160285222,0.496780187899731,0.499999906867743,0.00643943913546209,NA,-2.17603712826531e-14,0.0565685424949238
100,1,10000,"auto",10000,0.00834705672430259,0.488842428306597,5000.0054681738,5000.0098999806,-0.626752748448193,0.496780187899731,0.499999009072781,0.00643765510459457,NA,-2.37143638059933e-13,0.0565685424949238
0.05,100,10000,"auto",10000,0.00796297278376301,0.550178515194653,50.0000953989166,49.9999049996295,0.269264998291912,0.00503808700591924,0.00500000950069079,0.00761548657521307,NA,2.28022045689613e-11,0.0565685424952463
0.3,100,10000,"auto",10000,0.00796294559709221,0.55018295544486,50.0001203861134,49.999929999762,0.269246771803272,0.0050380856255369,0.00500000700048986,0.00761571434666277,NA,1.68007829870476e-11,0.0565685424951614
0.7,100,10000,"auto",10000,0.00489716888448,0.970143549573903,49.9995902604379,49.999969999922,-0.537032567552068,0.00498434214838234,0.00500000299916792,0.00313216827833676,NA,7.20135062692862e-12,0.0565685424950256
1,100,10000,"auto",10000,0.00802246060442235,0.540492490661223,49.9995377615068,50,-0.653703946156156,0.0051243279366643,0.00500000000010914,0.0248655873104893,NA,-8.88178419700125e-16,0.0565685424949238
1.5,100,10000,"auto",10000,0.00834703199215054,0.488846277364451,49.9996068192904,50.00005000005,-0.626752554148461,0.00496780187899731,0.00499999499970727,0.00643863058100024,NA,-1.20001786285684e-11,0.0565685424949238
3,100,10000,"auto",10000,0.00834711159510488,0.488833888829817,49.9997568185405,50.0001999996,-0.626753918522797,0.00496780187899731,0.0049999799998659,0.00643564991649118,NA,-4.7999382246644e-11,0.0565685424949238
10,100,10000,"auto",10000,0.00834748716490126,0.48877544123276,50.000456803141,50.0008999856004,-0.626760285271897,0.00496780187899731,0.0049999100046989,0.00642174072561778,NA,-2.15973905426381e-10,0.0565685424949238
100,100,10000,"auto",10000,0.00845233668899776,0.47258920561082,50.0094449636105,50.0098980603564,-0.64083897203454,0.00496711294786858,0.00499901058174146,0.00638078942848939,NA,-2.37228947597146e-09,0.0565685424949238
0.05,0.01,-10000,"rtdr",10000,0.0074267722645216,0.639504939764654,4.91059006904099e-06,4.99999999895008e-06,-0.399853362406381,4.68238969081553e-10,4.99999999685e-10,0.0635220612469127,NA,119.9999998992,0.44181444050497
0.3,0.01,-10000,"rtdr",10000,0.00726311848852746,0.667104394558451,3.00397357195302e-05,2.99999999922e-05,0.0725471806870224,3.06622974474732e-09,2.99999999765997e-09,0.0220765823796713,NA,19.9999999792003,0.187616630304247
0.7,0.01,-10000,"rtdr",10000,0.00830088259816348,0.496052997930507,7.01120154486588e-05,6.99999999762041e-05,0.133884097434259,7.17124122093978e-09,6.99999999286034e-09,0.0244630326077278,NA,8.57142855977042,0.130054933376757
1,0.01,-10000,"rtdr",10000,0.00626995197308045,0.826651318493245,0.000101348813363948,9.99999999600003e-05,1.34881340475746,1.05536211825985e-08,9.999999988e-09,0.0553621195262884,NA,5.99999999039989,0.113137084921965
1.5,0.01,-10000,"rtdr",10000,0.00860175021289937,0.449994990560111,0.000150797005540816,0.000149999999925,0.650752360782716,1.58721170316988e-08,1.49999999775008e-08,0.0581411370337429,NA,3.99999999199938,0.0979795896460024
3,0.01,-10000,"rtdr",10000,0.00714315927305387,0.687290320382732,0.000300830966427734,0.00029999999976,0.479758829879626,3.04075824368495e-08,2.99999999279999e-08,0.0135860836609271,NA,1.99999999359798,0.0799999999359798
10,0.01,-10000,"rtdr",10000,0.00856524478861742,0.455462315687761,0.00100153920346112,0.000999999997800004,0.486739569262715,1.01042767350675e-07,9.99999993390764e-08,0.0104276801849046,NA,0.599999992886098,0.0644980618981513
100,0.01,-10000,"rtdr",10000,0.00836846284707726,0.485516349943579,0.0100084807215355,0.00999999979800028,0.848498777723841,1.00982936724223e-06,9.9904224525808e-07,0.0107974633058363,NA,0.0435711102649714,0.0571814111090655
0.05,1,-10000,"rtdr",10000,0.00742677257702951,0.63950488707597,4.91059066756818e-06,4.99999989500009e-06,-0.399850397134552,4.68239003634285e-10,4.99999558766121e-10,0.0635211663190527,NA,119.999989920002,0.441814422435488
0.3,1,-10000,"rtdr",10000,0.00726311760581667,0.667104543333543,3.00397354965098e-05,2.99999992199999e-05,0.0725481781802947,3.06622957626352e-09,3.0000004249986e-09,0.0220763806274965,NA,19.9999979200008,0.18761662152379
0.7,1,-10000,"rtdr",10000,0.00830088097762756,0.496053251845955,7.01120143752303e-05,6.99999976200043e-05,0.133885833501038,7.17124072879727e-09,6.99997878028241e-09,0.024466066811127,NA,8.57142740571359,0.130054926277868
1,1,-10000,"rtdr",10000,0.00626995417594756,0.826650997139526,0.000101348811357242,9.99999960000002e-05,1.34881537138599,1.05536207646752e-08,9.9999997902721e-09,0.0553620986014034,NA,5.99999904000018,0.113137078201624
1.5,1,-10000,"rtdr",10000,0.00923977237627977,0.360493224352855,0.000150954782528785,0.000149999992500001,0.77958285686134,1.59647663493659e-08,1.49999975812024e-08,0.0643179282490354,NA,3.99999919999965,0.0979795831793514
3,1,-10000,"rtdr",10000,0.00718731957036045,0.679868367680423,0.000301460153475268,0.000299999976000005,0.843034040708415,3.0640000115653e-08,2.9999987025347e-08,0.0213337789034786,NA,1.99999935999828,0.0799999935999825
10,1,-10000,"rtdr",10000,0.00778043031743958,0.58024339565712,0.00100161429985659,0.000999999780000106,0.510556232167512,1.01670551046034e-07,9.99999119537899e-08,0.016706405631794,NA,0.599999470166694,0.0644980554146147
100,1,-10000,"rtdr",10000,0.00714747280417505,0.686565935897179,0.0100049862164911,0.00999997980008187,0.500642985989475,1.00117177775185e-06,9.99994626657588e-07,0.00117715741953121,NA,0.0435709173442564,0.0571814084099964
0.05,100,-10000,"rtdr",10000,0.00742680382769156,0.639499618230451,4.91065052018753e-06,4.99998950006518e-06,-0.399537324188276,4.68242459289725e-10,4.99996846120746e-10,0.0635091742625756,NA,119.998992021596,0.441812615522184
0.3,100,-10000,"rtdr",10000,0.00726302933506885,0.667119420774663,3.00397131945298e-05,2.99999220005615e-05,0.0726487316785607,3.0662127280596e-09,2.99997660609173e-09,0.0220788794930497,NA,19.9997920048985,0.187615743496748
0.7,100,-10000,"rtdr",10000,0.0083007189251122,0.496078643520832,7.0111907032609e-05,6.99997620020985e-05,0.134039634435167,7.17119151508942e-09,6.9999283941876e-09,0.0244664104055722,NA,8.57131200314048,0.130054216406177
1,100,-10000,"rtdr",10000,0.00627017446001121,0.826618861072106,0.000101348610687402,9.99996000039998e-05,1.34901877683396,1.05535789725463e-08,9.99988001045798e-09,0.0553705605976491,NA,5.99990400283179,0.113136406185325
1.5,100,-10000,"rtdr",10000,0.00905514048307441,0.385166110172932,0.00015086707378155,0.000149999250009,0.708580457566596,1.58745190178553e-08,1.49997749975358e-08,0.0583171427880261,NA,3.99992000269927,0.0979789365339247
3,100,-10000,"rtdr",10000,0.00749442130989347,0.628106271570537,0.000301645192410852,0.000299997600043198,0.951249311144789,3.08487206888554e-08,2.99992800564698e-08,0.028315367261703,NA,1.99993600297383,0.0799993600271785
10,100,-10000,"rtdr",10000,0.0070740500915174,0.698875256363199,0.00100121657396809,0.000999978001011946,0.391684084342386,1.01689763431296e-07,9.99934002127214e-08,0.0169647518232825,NA,0.599947203766065,0.0644974071263776
100,100,-10000,"rtdr",10000,0.00948529681041699,0.329305607793362,0.0100090014610989,0.00999798081970207,1.10239798242929,1.01376782538094e-06,9.99394425242936e-07,0.0143821095805186,NA,0.0435516307097066,0.0571811385785167
0.05,0.01,-1000,"rtdr",10000,0.00742677257703028,0.639504887075839,4.91059066756818e-05,4.99999989500009e-05,-0.399850391141578,4.68239003634283e-08,4.99999573754131e-08,0.0635211943909913,NA,119.999989920002,0.441814422435487
0.3,0.01,-1000,"rtdr",10000,0.007263117605817,0.667104543333487,0.000300397354965098,0.0002999999922,0.0725481801401465,3.06622957626352e-07,3.00000026290604e-07,0.0220764358511522,NA,19.9999979200008,0.18761662152379
0.7,0.01,-1000,"rtdr",10000,0.00830088097762756,0.496053251845955,0.000701120143752303,0.000699999976200043,0.13388583133515,7.17124072879731e-07,6.99997900676791e-07,0.0244660336643599,NA,8.5714274057136,0.130054926277868
1,0.01,-1000,"rtdr",10000,0.00626995417594756,0.826650997139526,0.00101348811357242,0.000999999960000001,1.34881534503033,1.05536207646752e-06,1.00000001810706e-06,0.0553620573580131,NA,5.99999904000017,0.113137078201623
1.5,0.01,-1000,"rtdr",10000,0.00923977237627977,0.360493224352855,0.00150954782528785,0.00149999992500001,0.779582878325881,1.59647663493658e-06,1.49999967551964e-06,0.0643179868579064,NA,3.99999919999965,0.0979795831793514
3,0.01,-1000,"rtdr",10000,0.00718731957036223,0.679868367680124,0.00301460153475268,0.00299999976000005,0.84303399178954,3.06400001156529e-06,2.99999905070069e-06,0.0213336603722102,NA,1.99999935999828,0.0799999935999826
10,0.01,-1000,"rtdr",10000,0.00778043031743958,0.58024339565712,0.0100161429985659,0.0099999978000011,0.510556293021044,1.01670551046033e-05,9.99998881150717e-06,0.0167066480018328,NA,0.599999470166694,0.0644980554146147
100,0.01,-1000,"rtdr",10000,0.00714747280421235,0.686565935890914,0.100049862164911,0.0999997980008178,0.500642869176631,0.000100117177775185,9.9999509334394e-05,0.00117669018152359,NA,0.0435709173442596,0.0571814084099965
0.05,1,-1000,"rtdr",10000,0.00742680382769123,0.639499618230507,4.91065052018753e-05,4.99998950006518e-05,-0.399537324287942,4.6824245928974e-08,4.99996845871379e-08,0.0635091737954843,NA,119.998992021596,0.441812615522184
0.3,1,-1000,"rtdr",10000,0.00726302933506863,0.667119420774701,0.000300397131945298,0.000299999220005615,0.072648731700766,3.06621272805959e-07,2.99997660425293e-07,0.0220788801195208,NA,19.9997920048985,0.187615743496748
0.7,1,-1000,"rtdr",10000,0.0083007189251122,0.496078643520832,0.00070111907032609,0.000699997620020986,0.134039634468949,7.17119151508939e-07,6.99992839064876e-07,0.0244664109234921,NA,8.57131200314049,0.130054216406177
1,1,-1000,"rtdr",10000,0.00627017446001166,0.826618861072041,0.00101348610687402,0.00099999600004,1.34901877749136,1.05535789725463e-06,9.9998800007088e-07,0.0553705616265675,NA,5.99990400283178,0.113136406185325
1.5,1,-1000,"rtdr",10000,0.00905514048307402,0.385166110172985,0.0015086707378155,0.00149999250009,0.708580457777074,1.58745190178553e-06,1.49997749886192e-06,0.0583171434171327,NA,3.99992000269928,0.0979789365339247
3,1,-1000,"rtdr",10000,0.00749442130989175,0.628106271570827,0.00301645192410852,0.00299997600043199,0.951249311377844,3.08487206888555e-06,2.99992800417591e-06,0.0283153677659574,NA,1.99993600297383,0.0799993600271785
10,1,-1000,"rtdr",10000,0.00707405009150963,0.698875256364499,0.0100121657396809,0.00999978001011943,0.391684084125145,1.01689763431297e-05,9.99934003240258e-06,0.0169647506912826,NA,0.599947203766064,0.0644974071263776
100,1,-1000,"rtdr",10000,0.00948529681041699,0.329305607793362,0.100090014610989,0.0999798081970198,1.10239797982682,0.000101376782538093,9.99394429978852e-05,0.0143821047735724,NA,0.0435516307097066,0.0571811385785167
0.05,100,-1000,"rtdr",10000,0.00752992788678974,0.622130994603962,4.91820328429401e-05,4.9989506503348e-05,-0.36122688590528,4.68600986772765e-08,4.99685324993425e-08,0.0622078269380204,NA,119.899415388321,0.441632273074912
0.3,100,-1000,"rtdr",10000,0.00725420618577511,0.668606377476563,0.000300264201227918,0.000299922056095982,0.0624912160181371,3.06348631628864e-07,2.99766280356013e-07,0.021958277845772,NA,19.9792488424735,0.187528126284986
0.7,100,-1000,"rtdr",10000,0.00828452432580446,0.498619115872937,0.000700915919509243,0.000699762209161123,0.137965038582203,7.16635834154285e-07,6.99287045012363e-07,0.0248092528892981,NA,8.55980274270241,0.129983400433763
1,100,-1000,"rtdr",10000,0.00629217574995289,0.823398498733158,0.00101328551725395,0.000999600399409128,1.36933226314955,1.05494018478882e-06,9.98801995860542e-07,0.056205523377949,NA,5.99042822074398,0.113069382032407
1.5,100,-1000,"rtdr",10000,0.00774689216694284,0.585815794389239,0.00150689192214931,0.00149925089845087,0.624354479069985,1.57361834366863e-06,1.49775448916474e-06,0.0506517290067952,NA,3.99202689366619,0.0979144679292387
3,100,-1000,"rtdr",10000,0.0060376589677299,0.859257306355105,0.003013872149532,0.00299760430937575,0.940349909429436,3.0937269668402e-06,2.9928215256844e-06,0.0337158231086732,NA,1.99362960459461,0.0799362706620179
10,100,-1000,"rtdr",10000,0.00788706948034779,0.562621099673531,0.00999330727546395,0.00997810060131457,0.482459867415718,1.00507147579999e-05,9.93450181721337e-06,0.0116979132849101,NA,0.594775345837801,0.0644332255388513
100,100,-1000,"rtdr",10000,0.00677279765503913,0.748648533681976,0.0981000588608333,0.0980580588561022,0.432455044558858,9.4262572469678e-05,9.43228128624067e-05,0.000638661962048821,NA,0.0416798100343301,0.0571549446334692
0.05,0.01,-100,"rtdr",10000,0.00742680382769212,0.639499618230358,0.000491065052018753,0.000499998950006518,-0.399537324231374,4.68242459289748e-06,4.99996846012933e-06,0.0635091740605974,NA,119.998992021596,0.441812615522184
0.3,0.01,-100,"rtdr",10000,0.00726302933506896,0.667119420774645,0.00300397131945298,0.00299999220005615,0.0726487316905811,3.06621272805958e-05,2.9999766050967e-05,0.0220788798320469,NA,19.9997920048985,0.187615743496748
0.7,0.01,-100,"rtdr",10000,0.0083007189251122,0.496078643520832,0.0070111907032609,0.00699997620020985,0.134039634447539,7.17119151508941e-05,6.99992839289141e-05,0.0244664105952733,NA,8.57131200314048,0.130054216406177
1,0.01,-100,"rtdr",10000,0.00627017446001166,0.826618861072041,0.0101348610687402,0.00999996000039999,1.34901877732067,0.000105535789725463,9.99988000324012e-05,0.0553705613594152,NA,5.99990400283179,0.113136406185325
1.5,0.01,-100,"rtdr",10000,0.00905514048307402,0.385166110172985,0.015086707378155,0.0149999250009,0.708580457661766,0.000158745190178553,0.000149997749935042,0.0583171430724699,NA,3.99992000269928,0.0979789365339247
3,0.01,-100,"rtdr",10000,0.00749442130989264,0.628106271570677,0.0301645192410852,0.0299997600043199,0.951249311602939,0.000308487206888553,0.000299992800275481,0.0283153682530773,NA,1.99993600297383,0.0799993600271785
10,0.01,-100,"rtdr",10000,0.00707405009150963,0.698875256364499,0.100121657396809,0.0999978001011941,0.391684083876779,0.00101689763431296,0.00099993400451218,0.0169647493976952,NA,0.59994720376606,0.0644974071263775
100,0.01,-100,"rtdr",10000,0.00948529681042576,0.329305607792281,1.00090014610989,0.999798081970188,1.10239797721592,0.0101376782538094,0.00999394434730017,0.0143820999511627,NA,0.0435516307097088,0.0571811385785167
0.05,1,-100,"rtdr",10000,0.00752992788678974,0.622130994603962,0.000491820328429401,0.000499895065033481,-0.361226885905449,4.68600986772761e-06,4.99685324992969e-06,0.0622078269371736,NA,119.899415388321,0.441632273074912
0.3,1,-100,"rtdr",10000,0.00725420618577511,0.668606377476563,0.00300264201227918,0.00299922056095982,0.0624912160181813,3.06348631628863e-05,2.99766280355475e-05,0.0219582778476045,NA,19.9792488424735,0.187528126284986
0.7,1,-100,"rtdr",10000,0.00828452432580446,0.498619115872937,0.00700915919509243,0.00699762209161123,0.137965038582011,7.16635834154287e-05,6.99287045014862e-05,0.0248092528856397,NA,8.5598027427024,0.129983400433762
1,1,-100,"rtdr",10000,0.00629217574995289,0.823398498733158,0.0101328551725395,0.00999600399409128,1.36933226314782,0.000105494018478882,9.98801995863145e-05,0.0562055233751905,NA,5.99042822074397,0.113069382032407
1.5,1,-100,"rtdr",10000,0.00774689216694245,0.585815794389304,0.0150689192214931,0.0149925089845087,0.624354479071692,0.000157361834366862,0.000149775448915589,0.0506517290130012,NA,3.9920268936662,0.0979144679292387
3,1,-100,"rtdr",10000,0.0060376589677299,0.859257306355105,0.03013872149532,0.0299760430937574,0.940349909428047,0.00030937269668402,0.000299282152569384,0.0337158231054093,NA,1.99362960459462,0.079936270662018
10,1,-100,"rtdr",10000,0.00788706948034779,0.562621099673531,0.0999330727546395,0.0997810060131454,0.482459867413766,0.00100507147579999,0.000993450181732461,0.011697913273584,NA,0.594775345837803,0.0644332255388513
100,1,-100,"rtdr",10000,0.00677279765503913,0.748648533681976,0.981000588608333,0.980580588561026,0.43245504455956,0.0094262572469678,0.00943228128600182,0.000638661936742834,NA,0.0416798100343305,0.0571549446334692
0.05,100,-100,"rtdr",10000,0.00713288703685799,0.68901480949931,0.000477491274613312,0.000490092441530659,-0.580410052159271,4.35517219320465e-06,4.71358863342488e-06,0.0760389732949207,NA,111.63584278293,0.426400455502439
0.3,100,-100,"rtdr",10000,0.00740836567592968,0.642608642658402,0.00292253277522865,0.00292705831241536,-0.0856728745134119,2.85521698601527e-05,2.790317342804e-05,0.0232588753313808,NA,18.3025442924326,0.180233378894954
0.7,100,-100,"rtdr",10000,0.007762300783916,0.583253985534262,0.00679046729429555,0.00678055477447178,0.124152437404604,6.47513774290886e-05,6.3746689714497e-05,0.0157606256747027,NA,7.64461641732341,0.124223130968904
1,100,-100,"rtdr",10000,0.00625324258835802,0.829082682065974,0.0097927107447796,0.00963500274318408,1.66548759861943,9.61581365895883e-05,8.96653505467979e-05,0.0724113161125904,NA,5.25123407189219,0.107712462208546
1.5,100,-100,"rtdr",10000,0.00806516773595518,0.53357700586793,0.0144257059359295,0.0143271731744585,0.860406974390898,0.000137998382053854,0.000131145521599802,0.0522538655567971,NA,3.39519897332265,0.0929102704619691
3,100,-100,"rtdr",10000,0.00973081782875318,0.299999541279648,0.028145152215838,0.0279493236324896,1.25321857948101,0.000251427234674063,0.000244173492241581,0.0297073296773177,NA,1.55713307501611,0.0754414535916812
10,100,-100,"rtdr",10000,0.00912306080304903,0.375969588637253,0.0846812085684545,0.0844852490055781,0.787234973919582,0.000625945336691777,0.000619618197676404,0.010211351182227,NA,0.338906236043735,0.0611739321743337
100,100,-100,"rtdr",10000,0.0088144426786102,0.418855943508219,0.49907498281725,0.498892180928439,0.448601852881331,0.00168919043079679,0.00166050134424645,0.0172773642428851,NA,0.00886286052550966,0.0566937437186928
0.05,0.01,-10,"rtdr",10000,0.00752992788678974,0.622130994603962,0.00491820328429401,0.00499895065033481,-0.361226885905836,0.000468600986772747,0.000499685324991956,0.062207826935301,NA,119.899415388321,0.441632273074912
0.3,0.01,-10,"rtdr",10000,0.00725420618577511,0.668606377476563,0.0300264201227918,0.0299922056095982,0.0624912160181463,0.00306348631628862,0.00299766280355841,0.0219582778463528,NA,19.9792488424735,0.187528126284986
0.7,0.01,-10,"rtdr",10000,0.00828452432580446,0.498619115872937,0.0700915919509243,0.0699762209161123,0.137965038582143,0.00716635834154289,0.00699287045012974,0.0248092528884087,NA,8.5598027427024,0.129983400433762
1,0.01,-10,"rtdr",10000,0.00629217574995289,0.823398498733158,0.101328551725395,0.0999600399409126,1.36933226314375,0.0105494018478882,0.00998801995869276,0.0562055233687088,NA,5.99042822074396,0.113069382032407
1.5,0.01,-10,"rtdr",10000,0.00774689216694245,0.585815794389304,0.150689192214931,0.149925089845087,0.624354479070653,0.0157361834366862,0.0149775448916127,0.0506517290092317,NA,3.99202689366619,0.0979144679292387
3,0.01,-10,"rtdr",10000,0.0060376589677299,0.859257306355105,0.3013872149532,0.299760430937574,0.940349909426447,0.0309372696684019,0.0299282152570487,0.0337158231015981,NA,1.99362960459462,0.0799362706620179
10,0.01,-10,"rtdr",10000,0.00788706948034668,0.562621099673714,0.999330727546395,0.997810060131452,0.482459867411458,0.10050714758,0.0993450181745157,0.0116979132606572,NA,0.594775345837802,0.0644332255388513
100,0.01,-10,"rtdr",10000,0.00677279765504868,0.748648533680424,9.81000588608333,9.80580588561031,0.432455044560307,0.942625724696776,0.943228128575782,0.000638661910895466,NA,0.0416798100343292,0.0571549446334692
0.05,1,-10,"rtdr",10000,0.00713288703685799,0.68901480949931,0.00477491274613312,0.0049009244153066,-0.580410052159289,0.000435517219320481,0.000471358863342479,0.0760389732948672,NA,111.63584278293,0.426400455502439
0.3,1,-10,"rtdr",10000,0.00740836567592968,0.642608642658402,0.0292253277522865,0.0292705831241536,-0.0856728745134804,0.00285521698601527,0.00279031734280382,0.0232588753314486,NA,18.3025442924326,0.180233378894955
0.7,1,-10,"rtdr",10000,0.007762300783916,0.583253985534262,0.0679046729429554,0.0678055477447178,0.124152437404567,0.0064751377429089,0.00637466897144967,0.0157606256747136,NA,7.6446164173234,0.124223130968904
1,1,-10,"rtdr",10000,0.00625324258835824,0.829082682065942,0.097927107447796,0.0963500274318408,1.66548759861943,0.00961581365895887,0.00896653505467975,0.0724113161125994,NA,5.2512340718922,0.107712462208546
1.5,1,-10,"rtdr",10000,0.00806516773595518,0.53357700586793,0.144257059359295,0.143271731744585,0.860406974390915,0.0137998382053854,0.0131145521599804,0.0522538655567805,NA,3.39519897332265,0.0929102704619691
3,1,-10,"rtdr",10000,0.00973081782875918,0.299999541278955,0.28145152215838,0.279493236324895,1.25321857948109,0.0251427234674064,0.024417349224159,0.0297073296772791,NA,1.55713307501612,0.0754414535916812
10,1,-10,"rtdr",10000,0.00912306080304903,0.375969588637253,0.846812085684545,0.844852490055782,0.787234973919206,0.062594533669178,0.0619618197676329,0.0102113511823554,NA,0.338906236043734,0.0611739321743337
100,1,-10,"rtdr",10000,0.00881444267860088,0.418855943509557,4.9907498281725,4.98892180928441,0.448601852876135,0.168919043079679,0.166050134424296,0.0172773642450178,NA,0.00886286052551055,0.0566937437186928
0.05,100,-10,"rtdr",10000,0.00888178447905874,0.409260424343573,0.00265688039505802,0.00268036948809301,-0.225194354377884,0.000104686618379341,0.000108797145002649,0.0377815669998322,NA,55.4037685528319,0.303061098929789
0.3,100,-10,"rtdr",10000,0.00840562257849676,0.479768162788868,0.0148208395552479,0.0148442015661536,-0.100773279008376,0.000542917848349964,0.000537439601555721,0.0101932324644215,NA,7.94564656358849,0.126146876702285
0.7,100,-10,"rtdr",10000,0.00898584471021353,0.394691105589069,0.0311774342417505,0.0311528859527833,0.0787446120827238,0.000990198598786206,0.000971853399173711,0.018876509181419,NA,2.74629861984755,0.0871440060575372
1,100,-10,"rtdr",10000,0.00566091633343869,0.90575386532174,0.0416114540846907,0.0416352820649349,-0.0692270547542962,0.00118081377674091,0.00118473918412657,0.0033133093243214,NA,1.6661318620337,0.0765885825645959
1.5,100,-10,"rtdr",10000,0.00700415093955231,0.710544064276695,0.0570384980977665,0.056855891758961,0.483801711004631,0.00143120895298316,0.00142461298434526,0.00463000738472762,NA,0.90120804161707,0.0681317317157528
3,100,-10,"rtdr",10000,0.00735650177983704,0.651356404766918,0.0928937209281206,0.0926727774518063,0.523963411648646,0.0017981266894534,0.00177811744677767,0.0112530489546628,NA,0.282339667823729,0.0604296571934507
10,100,-10,"rtdr",10000,0.00732118764326806,0.65731312433474,0.195229049297957,0.195162085105233,0.144296049588112,0.00217530323181612,0.00215365628211623,0.0100512555692572,NA,0.0322604925954053,0.0570229496619795
100,100,-10,"rtdr",10000,0.00738892672257896,0.645887057956437,0.680857707702507,0.680846872575279,0.0220932240597139,0.00241843940055782,0.00240519247569854,0.00550763608032484,NA,0.000653104880837141,0.0565777780388143
0.05,0.01,-2,"rtdr",10000,0.00780506266317738,0.576159426920976,0.0239763023735808,0.0248707340991629,-0.806218583584901,0.0111071172577546,0.012308036669078,0.0975719721684336,NA,117.606598318902,0.43745920645272
0.3,0.01,-2,"rtdr",10000,0.00734264446227202,0.653693901716025,0.148945487405867,0.149042067579217,-0.0356048337186027,0.0750758082356092,0.0735797041700309,0.0203331079195563,NA,19.5085652890762,0.185509310986058
0.7,0.01,-2,"rtdr",10000,0.00799822804089046,0.544430831425961,0.348387527721094,0.347088357832603,0.314453881629473,0.175964275774564,0.170693888596797,0.030876249999882,NA,8.29817117765102,0.128363054981726
1,0.01,-2,"rtdr",10000,0.00610965231700189,0.849438943681659,0.501970926136093,0.495120583673021,1.39024201792128,0.25784323472294,0.242797240321155,0.0619693798079531,NA,5.77628190403633,0.111543942222149
1.5,0.01,-2,"rtdr",10000,0.0080172305049382,0.541341633482242,0.744303100199718,0.740894740587958,0.566801047583712,0.375790757529844,0.361600924573287,0.0392416943438461,NA,3.81537007778874,0.0964603137277813
3,0.01,-2,"rtdr",10000,0.00600683977834549,0.863375813347037,1.4789840676566,1.47127248303095,0.9164179318165,0.735589802190574,0.70810897758141,0.0388087504596066,NA,1.85646005040859,0.0785514868137691
10,0.01,-2,"rtdr",10000,0.00743374163715071,0.638329965097058,4.7628084294427,4.75259772167831,0.695872256835708,2.20384332335026,2.15304272806696,0.0235947919755895,NA,0.495369820913651,0.0631869584128073
100,0.01,-2,"rtdr",10000,0.0101744196365513,0.251770318595801,36.5713893645168,36.541733067065,0.913976358598612,10.7512433045769,10.5284377488592,0.0211622617744789,NA,0.0201494215967619,0.0568527842286974
0.05,1,-2,"rtdr",10000,0.00769097788223916,0.5951340696645,0.0182963440218308,0.0187531760597397,-0.594989643277623,0.00546547444506626,0.00589514232793274,0.0728850736699952,NA,70.2970650479136,0.340110723260325
0.3,1,-2,"rtdr",10000,0.00609201544156031,0.851869273303946,0.107381333077245,0.107234635708176,0.0829631987134124,0.0319750846546577,0.0312660971963588,0.0226759180669791,NA,10.5464233312119,0.141683722882832
0.7,1,-2,"rtdr",10000,0.00730777872643091,0.659574630010123,0.23346944921818,0.233862383260027,-0.158515902869844,0.0612950134738528,0.0614460024359139,0.00245726257324315,NA,3.87750068025404,0.096974228991039
1,1,-2,"rtdr",10000,0.00442368382450121,0.989640153040422,0.320969449023081,0.319483757117396,0.530447401420484,0.0797166590192097,0.0784463718207574,0.0161930650069425,NA,2.44575007730994,0.0843397896825449
1.5,1,-2,"rtdr",10000,0.00691933820064539,0.724618008886889,0.451399554228996,0.448731570858562,0.844077069608874,0.104641145892318,0.0999084064562445,0.047370782939538,NA,1.39516319666963,0.0737038744888721
3,1,-2,"rtdr",10000,0.00640819856380614,0.806081400850552,0.770970224665102,0.769833849938736,0.306432967218965,0.139404029462949,0.137521993549767,0.0136853449008589,NA,0.483340222047055,0.0630344695803438
10,1,-2,"rtdr",10000,0.00656721963545914,0.781528135765819,1.75033598377389,1.74972365228346,0.140945302421631,0.18778212606794,0.188743488356372,0.00509348585640409,NA,0.0622452688776391,0.0574420789161066
100,1,-2,"rtdr",10000,0.00668680993358939,0.762536413705854,6.5722011049231,6.57236138142812,-0.0332968108012502,0.233193202241591,0.231704490484105,0.00642504491119527,NA,0.00130653924614066,0.0565870167334683
0.05,100,-2,"rtdr",10000,0.0104091184884518,0.228698478166377,0.00379362630110768,0.00385746211651505,-0.455337068382676,0.000188633078144138,0.000196545364854501,0.0402567962679759,NA,41.6307655335548,0.264214353988741
0.3,100,-2,"rtdr",10000,0.00807854832998218,0.531417175409213,0.0203368930026733,0.0203805389342571,-0.147061215674881,0.000885027776661219,0.00088082824340666,0.00476770958015217,NA,5.61119627608392,0.110353586447085
0.7,100,-2,"rtdr",10000,0.00892939274417149,0.402555605560587,0.0405642725816114,0.0406646966479778,-0.264664961198415,0.00146241945847321,0.00143973548004816,0.0157556570213109,NA,1.78073961271058,0.0777764963233555
1,100,-2,"rtdr",10000,0.00726258983042839,0.66719349596726,0.0527557918835251,0.0529354889475216,-0.43992697587585,0.00164946636206132,0.0016684791204116,0.0113952629779326,NA,1.02371887839474,0.0695553751009337
1.5,100,-2,"rtdr",10000,0.00802659631319269,0.53982137128836,0.0704253012017376,0.070046093023514,0.871550911667691,0.00192053832403277,0.00189308392190608,0.014502474934682,NA,0.514321623725266,0.0634264503023811
3,100,-2,"rtdr",10000,0.00673202170195675,0.75525631837134,0.108604739645949,0.108406824158109,0.425463165522135,0.00220096466762601,0.00216389223437181,0.017132291832899,NA,0.139571039992449,0.0585090904389046
10,100,-2,"rtdr",10000,0.00754280335193858,0.619965862709238,0.213357465130783,0.213282653933076,0.153422703800765,0.0024004086863939,0.00237768299193305,0.00955791606280478,NA,0.0127181979639008,0.0567481199401552
100,100,-2,"rtdr",10000,0.00672707996901356,0.756054492811163,0.700322366468133,0.700371533869795,-0.0988102520885709,0.00249361628033627,0.00247599920617197,0.00711513724252283,NA,0.0001843112049289,0.0565711489889315
0.05,0.01,0,"rtdr",10000,0.00719086563084781,0.679271856577108,0.452750813871758,0.428444172090973,1.5970365149888,2.48569765056896,2.31643559140128,0.0730700477043231,NA,38.065790744123,0.253190175936186
0.3,0.01,0,"rtdr",10000,0.00726850797400581,0.666195988207525,2.23876719012585,2.22626101791078,0.394617372795239,10.3941922582255,10.0437618801309,0.0348903510733275,NA,5.0171437142622,0.105959567490716
0.7,0.01,0,"rtdr",10000,0.0106590771073464,0.205920120069917,4.36037038541209,4.36928326174829,-0.223455719215528,16.2041684981423,15.9093637786062,0.0185302645434802,NA,1.5429649482424,0.0752910613365746
1,0.01,0,"rtdr",10000,0.0114651535402143,0.144247687679196,5.70077605184955,5.64189583547756,1.38135005330227,18.7433184214535,18.1690113816209,0.0316091518558635,NA,0.869177303605975,0.0677545842417291
1.5,0.01,0,"rtdr",10000,0.0105737624158671,0.213490411468172,7.36906125077805,7.3966877979716,-0.613332792766503,20.3445063834921,20.2890096193381,0.00273531163892267,NA,0.424253430839145,0.0622800569150561
3,0.01,0,"rtdr",10000,0.00909735748653717,0.379433526538083,11.3454368836648,11.2837916709551,1.29454065906116,22.5892856321327,22.6760455264839,0.0038260592769509,NA,0.108163842816294,0.0580780694281936
10,0.01,0,"rtdr",10000,0.00867344508393431,0.43936034389099,21.8346071823249,21.809490743564,0.509029837598739,24.5000615325827,24.3461135063974,0.00632331013099489,NA,0.00852028621176126,0.0566889094791814
100,0.01,0,"rtdr",10000,0.0102126154373586,0.247902380183767,70.5690542043748,70.5341251487686,0.699460333810028,25.0564066289591,24.9371894978476,0.00478069636202324,NA,7.45868161464713e-05,0.0565695973019592
0.05,1,0,"rtdr",10000,0.00719086563084781,0.679271856577108,0.0452750813871758,0.0428444172090973,1.59703651498878,0.024856976505692,0.0231643559140128,0.0730700477044269,NA,38.0657907441229,0.253190175936186
0.3,1,0,"rtdr",10000,0.00726850797400581,0.666195988207525,0.223876719012584,0.222626101791078,0.394617372795218,0.103941922582255,0.100437618801309,0.0348903510733252,NA,5.01714371426221,0.105959567490716
0.7,1,0,"rtdr",10000,0.0106590771073464,0.205920120069917,0.436037038541209,0.436928326174829,-0.223455719215517,0.162041684981422,0.159093637786062,0.0185302645434763,NA,1.5429649482424,0.0752910613365746
1,1,0,"rtdr",10000,0.0114651535402143,0.144247687679196,0.570077605184955,0.564189583547756,1.38135005330224,0.187433184214535,0.181690113816209,0.0316091518558614,NA,0.869177303605974,0.0677545842417291
1.5,1,0,"rtdr",10000,0.0105737624158672,0.213490411468162,0.736906125077805,0.73966877979716,-0.613332792766547,0.203445063834921,0.202890096193381,0.00273531163892349,NA,0.42425343083912,0.0622800569150558
3,1,0,"rtdr",10000,0.00909735748653717,0.379433526538083,1.13454368836648,1.12837916709551,1.29454065906103,0.225892856321327,0.226760455264837,0.0038260592769435,NA,0.108163842816294,0.0580780694281936
10,1,0,"rtdr",10000,0.0086734450839342,0.439360343891007,2.18346071823249,2.1809490743564,0.509029837598774,0.245000615325827,0.243461135063975,0.00632331013098873,NA,0.00852028621176482,0.0566889094791814
100,1,0,"rtdr",10000,0.0102126154373585,0.247902380183778,7.05690542043748,7.05341251487693,0.699460333797636,0.250564066289591,0.249371894977521,0.00478069636587029,NA,7.45868161464713e-05,0.0565695973019592
0.05,100,0,"rtdr",10000,0.00719086563084781,0.679271856577108,0.00452750813871758,0.00428444172090973,1.59703651498882,0.000248569765056911,0.000231643559140128,0.0730700477043855,NA,38.065790744123,0.253190175936186
0.3,100,0,"rtdr",10000,0.00726850797400581,0.666195988207525,0.0223876719012585,0.0222626101791078,0.394617372795242,0.00103941922582256,0.00100437618801309,0.0348903510733316,NA,5.0171437142622,0.105959567490716
0.7,100,0,"rtdr",10000,0.0106590771073464,0.205920120069917,0.0436037038541209,0.0436928326174829,-0.223455719215503,0.00162041684981422,0.00159093637786062,0.0185302645434769,NA,1.5429649482424,0.0752910613365746
1,100,0,"rtdr",10000,0.0114651535402144,0.144247687679189,0.0570077605184955,0.0564189583547756,1.38135005330227,0.00187433184214535,0.00181690113816209,0.031609151855864,NA,0.869177303605977,0.0677545842417291
1.5,100,0,"rtdr",10000,0.0105737624158672,0.213490411468162,0.0736906125077805,0.073966877979716,-0.613332792766491,0.0020344506383492,0.00202890096193381,0.00273531163891929,NA,0.42425343083913,0.062280056915056
3,100,0,"rtdr",10000,0.00909735748653728,0.379433526538068,0.113454368836648,0.112837916709551,1.29454065906116,0.00225892856321327,0.00226760455264838,0.00382605927695164,NA,0.108163842816293,0.0580780694281935
10,100,0,"rtdr",10000,0.00867344508393431,0.43936034389099,0.218346071823249,0.21809490743564,0.509029837598917,0.00245000615325828,0.00243461135063978,0.00632331013098008,NA,0.00852028621176126,0.0566889094791814
100,100,0,"rtdr",10000,0.0102126154373584,0.247902380183789,0.705690542043748,0.7053412514877,0.699460333785617,0.0025056406628959,0.0024937189497658,0.00478069636966158,NA,7.45868161486918e-05,0.0565695973019593
0.05,0.01,2,"rtdr",10000,0.00824276074997232,0.505197445568831,99.5345715186291,99.5202509491778,0.202029579823358,50.8564004329379,50.2447459304585,0.0121735017493355,NA,0.00015616727946588,0.056570750990659
0.3,0.01,2,"rtdr",10000,0.0082353588172972,0.506367318786674,99.6600514436935,99.6469572660218,0.184847884151893,50.7934461914746,50.1796342258058,0.012232292545351,NA,0.000113852912040358,0.056570152595333
0.7,0.01,2,"rtdr",10000,0.0075812116083253,0.61351315530386,99.8026990028165,99.8490069287222,-0.654392495938584,51.3191530140479,50.076508220207,0.0248149249619498,NA,4.79760115923433e-05,0.0565692209741176
1,0.01,2,"rtdr",10000,0.0080224606044097,0.540492490663278,99.9537761506777,100.000000000001,-0.653703946180187,51.2432793666431,49.9999999999054,0.0248655873348002,NA,1.77635683940025e-15,0.0565685424949238
1.5,0.01,2,"rtdr",10000,0.00770102441806508,0.593457356679081,100.269735557948,100.250631374802,0.2705148870276,50.1558020335173,49.8740464337989,0.00564934309255347,NA,-7.73329894969699e-05,0.0565685424949238
3,0.01,2,"rtdr",10000,0.007456419790146,0.634507538947946,101.013741238681,100.995024875621,0.266002816578211,49.8334483295143,49.5074379348025,0.00658507909743026,NA,-0.000290963853785797,0.0565685424949238
10,0.01,2,"rtdr",10000,0.00945881816803851,0.332578891217862,104.365298622675,104.33240290305,0.474858307321507,48.7028374943062,47.9899947806116,0.0148539860642498,NA,-0.00100553305973428,0.0565685424949238
100,0.01,2,"rtdr",10000,0.00817695014033859,0.51563958475568,136.398574537464,136.374510849561,0.383153146740709,39.7272974556251,39.4438754991425,0.00718544901828394,NA,-0.00156193371228008,0.0565685424949238
0.05,1,2,"rtdr",10000,0.00740141377830456,0.643781029675673,0.185326942007022,0.186495057125501,-0.277874930101899,0.173415224970647,0.176714650793257,0.0186709240450626,NA,7.75582669228143,0.124937275092945
0.3,1,2,"rtdr",10000,0.0057271345667057,0.898222457384146,0.648876764063612,0.648367109636886,0.0828967021721196,0.377740746604305,0.377987200777996,0.000652017246043932,NA,0.205246278783838,0.059400286582256
0.7,1,2,"rtdr",10000,0.00939338804547108,0.340761121455486,0.958927181927076,0.963607079265413,-0.75416668388552,0.388278967219705,0.385068476054993,0.00833745519135639,NA,-0.183227584820074,0.0565685424949238
1,1,2,"rtdr",10000,0.00720376743112672,0.677100954357218,1.11253134101424,1.11263562131433,-0.0170362266785888,0.37356932688946,0.374677595496807,0.00295792601603953,NA,-0.179719642399015,0.0565685424949238
1.5,1,2,"rtdr",10000,0.0075549000839692,0.617932564801288,1.30094870192742,1.30021177402245,0.122879166799918,0.365581932309316,0.359661116715845,0.0164622065558151,NA,-0.14128361409185,0.0565685424949238
3,1,2,"rtdr",10000,0.00921781316631487,0.363373330677451,1.69454550349107,1.68994855788161,0.795392606881841,0.340136841003715,0.334022429595486,0.0183053916937074,NA,-0.0734806951007076,0.0565685424949238
10,1,2,"rtdr",10000,0.0071219477780452,0.690850375318367,2.72580488902003,2.7248504189216,0.174249806720803,0.306295006285107,0.300040613424373,0.0208451542254649,NA,-0.0181875077864895,0.0565685424949238
100,1,2,"rtdr",10000,0.00636522114400773,0.812559454232746,7.56967317257956,7.56986152085235,-0.0364467480044006,0.268263754907278,0.267058075971356,0.00451466944609927,NA,-0.000861736714076411,0.0565685424949238
0.05,100,2,"rtdr",10000,0.00983425214844103,0.288218788029757,0.00468461051935117,0.00478950064817064,-0.632562239006756,0.000258225821037368,0.000274955690022879,0.0608456911152463,NA,34.5034980170506,0.241672499112499
0.3,100,2,"rtdr",10000,0.00658079638641613,0.779392988328361,0.0242204519594287,0.0244115493138728,-0.563958910784766,0.00112398667231554,0.00114819175323508,0.0210810440428139,NA,4.4276456998615,0.101411208057978
0.7,100,2,"rtdr",10000,0.00993951994598858,0.276572527834388,0.0465288114428126,0.047038847113376,-1.21653276173931,0.00172716937466536,0.0017577353333782,0.0173893976712004,NA,1.31052161895562,0.0727793555229022
1,100,2,"rtdr",10000,0.00856594735093463,0.455356765806821,0.0605859961204821,0.0602107346996983,0.844025024813901,0.00200485546384059,0.00197677477391953,0.0142053056784916,NA,0.71969314803899,0.0659659687783207
1.5,100,2,"rtdr",10000,0.00808147363964373,0.530945431455282,0.0785057148263537,0.0781663467884798,0.728236515847462,0.00220317738474633,0.00217168569762792,0.0145010335302249,NA,0.338369268710976,0.0611669095993705
3,100,2,"rtdr",10000,0.00812307246056476,0.524254713078446,0.11783393640001,0.117478723577074,0.729105972205765,0.00242304691248102,0.00237353674247222,0.0208592389251257,NA,0.0788644631509969,0.0576730711948098
10,100,2,"rtdr",10000,0.00674523219526046,0.753119750192011,0.223113347331879,0.223021233941534,0.184531822156771,0.00250644990147005,0.00249174155061081,0.00590283966474608,NA,0.00460603866652409,0.0566336442573356
100,100,2,"rtdr",10000,0.00648503303734382,0.794327138409778,0.710262647690838,0.71034641093111,-0.167144470927016,0.00252976509786935,0.00251144058660224,0.00729641440250142,NA,-3.21645032372864e-05,0.0565685424949238
0.05,0.01,10,"rtdr",10000,0.00829086310858229,0.497624041212819,499.939414505608,499.904962914617,0.487172741179515,50.1825798594026,50.009510643722,0.00346072603896473,NA,2.288052045607e-07,0.0565685457307179
0.3,0.01,10,"rtdr",10000,0.00828811737400481,0.498054961868056,499.964332964047,499.929976179583,0.48584426419481,50.1806643286155,50.0070068733185,0.00347266245582239,NA,1.68525727595181e-07,0.0565685448782374
0.7,0.01,10,"rtdr",10000,0.00517722900505546,0.951465050261596,499.933892560317,499.969992195535,-0.510510613124874,50.089756187507,50.0030017640383,0.00173498430910269,NA,7.21790023305857e-08,0.056568543515689
1,0.01,10,"rtdr",10000,0.00802246060441081,0.540492490663097,499.953776150678,499.999999999956,-0.653703945406028,51.2432793666431,50.0000000218279,0.0248655868854487,NA,1.77635683940025e-15,0.0565685424949238
1.5,0.01,10,"rtdr",10000,0.00896301949527689,0.397859680498515,500.085584941574,500.050005000364,0.50320151820488,50.6551344964626,49.9949993177725,0.013204024156382,NA,-1.2014420169848e-07,0.0565685424949238
3,0.01,10,"rtdr",10000,0.00897552133705781,0.396122284253269,500.23484016645,500.199960010026,0.493378534115695,50.6634853180389,49.9800109814969,0.0136749537088943,NA,-4.79423904131693e-07,0.0565685424949238
10,0.01,10,"rtdr",10000,0.00903383476412167,0.388079454637964,500.932238724763,500.898564308311,0.476655305466404,50.5679579452472,49.9104280285537,0.0131741991136065,NA,-2.13343664690058e-06,0.0565685424949238
100,0.01,10,"rtdr",10000,0.00937955973409377,0.342507451127633,509.749080461798,509.713178972603,0.512540315031479,49.775596370764,49.0646679445053,0.0144896206586524,NA,-2.04289730074692e-05,0.0565685424949238
0.05,1,10,"rtdr",10000,0.00763211980930145,0.604976504462315,4.89909443571136,4.90086592993797,-0.247854100748728,0.517645948212888,0.510842786463101,0.0133175253327738,NA,0.00349646241317636,0.0566179683480526
0.3,1,10,"rtdr",10000,0.00761400871675866,0.608011201084758,4.92564533912041,4.9273762808994,-0.242894192085836,0.514828149594402,0.507844390926973,0.0137517688335224,NA,0.00243860303031873,0.0566030190435856
0.7,1,10,"rtdr",10000,0.00811725054571448,0.525189097295225,4.96626649272282,4.96915617925809,-0.407334484330179,0.519376404020024,0.503267762431573,0.032008093486102,NA,0.000960842350544944,0.0565821292261158
1,1,10,"rtdr",10000,0.00802246060427136,0.540492490685731,4.99537761506777,5.00000000000394,-0.653703946736502,0.512432793666432,0.4999999999803,0.024865587373244,NA,-1.84132709080131e-09,0.0565685424949238
1.5,1,10,"rtdr",10000,0.0076325659990909,0.604901774897414,5.053047372073,5.05052176836428,0.359032178277396,0.498233949917059,0.494838709099955,0.00686130804778603,NA,-0.00136906285979599,0.0565685424949238
3,1,10,"rtdr",10000,0.00806873392248264,0.533001044038523,5.19924269393328,5.19607843137252,0.456170568610483,0.483279505786078,0.481161091887905,0.00440271238445379,NA,-0.00421579602075139,0.0565685424949238
10,1,10,"rtdr",10000,0.009286460515048,0.354418974533339,5.79224507252925,5.78803791496604,0.635114703420195,0.445151047692336,0.438806669745745,0.0144582532217821,NA,-0.00773336709118455,0.0565685424949238
100,1,10,"rtdr",10000,0.00771597724305462,0.590963730938654,9.98015321533728,9.97776150233758,0.414412537776313,0.33613369442785,0.333082914158069,0.0091592217436078,NA,-0.00223182394583077,0.0565685424949238
0.05,100,10,"rtdr",10000,0.00895458403560245,0.399034564339947,0.00800511672395123,0.00805106293724118,-0.189521938354433,0.00057804047616515,0.00058773353244264,0.0164922634875133,NA,20.9199354291653,0.191499077508651
0.3,100,10,"rtdr",10000,0.00697010631029911,0.716205787891527,0.0365264670368013,0.0366442041946121,-0.263967904945222,0.00201105078363742,0.00198941250867418,0.0108767160500365,NA,2.22111192702727,0.0821813791758427
0.7,100,10,"rtdr",10000,0.00769031890892309,0.595244084235964,0.0641861377528388,0.0642428188528678,-0.111482807796889,0.00262115162448838,0.002585001168481,0.0139846961959495,NA,0.478650269708282,0.0629749190673021
1,100,10,"rtdr",10000,0.0121729038477538,0.10325204474679,0.0784424099110894,0.0788978181372631,-0.873201367796473,0.00276163173248776,0.00272002520004251,0.0152963775646642,NA,0.200768600123448,0.0593399507936897
1.5,100,10,"rtdr",10000,0.0082063303926273,0.510966561241017,0.0983244981171345,0.0979939813326405,0.624966450372345,0.00280107240274078,0.00279687868921013,0.00149942632364873,NA,0.0514479863589599,0.0572915070335415
3,100,10,"rtdr",10000,0.00819085234267292,0.513426159952345,0.138484529236816,0.138204338050369,0.528589434551808,0.00286559019170518,0.00280977784657773,0.0198636149101342,NA,-0.0143791750821167,0.0565685424949238
10,100,10,"rtdr",10000,0.00648143005051927,0.794883058002582,0.243859606786529,0.243870937439867,-0.0217234885887084,0.00273772510544801,0.00272051274419384,0.00632688131709742,NA,-0.008213047919293,0.0565685424949238
100,100,10,"rtdr",10000,0.00677855359378132,0.747712747891519,0.730687115989821,0.7307214091554,-0.0674846261017871,0.0026039012348585,0.00258229265971666,0.00836798070138585,NA,-0.000429706559888832,0.0565685424949238
0.05,0.01,100,"rtdr",10000,0.00796297278376301,0.550178515194653,5000.00953989166,4999.99049996295,0.269264998302149,50.3808700591925,50.0000949986279,0.00761548674207693,NA,2.27995400337022e-11,0.0565685424952462
0.3,0.01,100,"rtdr",10000,0.00796294559709221,0.55018295544486,5000.01203861134,4999.9929999762,0.269246771795991,50.3808562553693,50.00007000193,0.00761571440649095,NA,1.67990066302082e-11,0.0565685424951614
0.7,0.01,100,"rtdr",10000,0.00489716888448,0.970143549573903,4999.95902604379,4999.9969999922,-0.537032567495392,49.8434214838234,50.0000299997628,0.00313216843950215,NA,7.20046244850892e-12,0.0565685424950256
1,0.01,100,"rtdr",10000,0.00802246060442557,0.540492490660701,4999.95377615068,5000,-0.65370394616128,51.2432793666432,50,0.0248655873328642,NA,1.77635683940025e-15,0.0565685424949238
1.5,0.01,100,"rtdr",10000,0.00787914503958331,0.563925197504182,5000.02068903447,5000.005000005,0.221876493473779,50.067115907348,49.9999499991536,0.00134331950722948,NA,-1.19997345393585e-11,0.0565685424949238
3,0.01,100,"rtdr",10000,0.00787934354912934,0.563892518245502,5000.0356852854,5000.01999996,0.221824442825251,50.0670450498319,49.9998000003397,0.00134490636945978,NA,-4.80002704250637e-11,0.0565685424949238
10,0.01,100,"rtdr",10000,0.00788026370025929,0.563741047615318,5000.1056665998,5000.08999856004,0.221581537342419,50.0667144139984,49.9991000443697,0.00135231173298544,NA,-2.15975237694011e-10,0.0565685424949238
100,0.01,100,"rtdr",10000,0.00779205874210476,0.578314489515028,5001.00553459993,5000.98980603564,0.22245750077417,50.0479040160524,49.9901058152318,0.00115619280811769,NA,-2.37228858779304e-09,0.0565685424949238
0.05,1,100,"rtdr",10000,0.00829086310858229,0.497624041212819,49.9939414505608,49.9904962914679,0.487172740459388,0.501825798594028,0.500095106129265,0.00346072665689196,NA,2.28805204116611e-07,0.0565685457307179
0.3,1,100,"rtdr",10000,0.00828811737400481,0.498054961868056,49.9964332964047,49.9929976179644,0.485844263473379,0.501806643286153,0.500070068424975,0.00347266307429129,NA,1.68525727595181e-07,0.0565685448782374
0.7,1,100,"rtdr",10000,0.00517722900505546,0.951465050261596,49.9933892560317,49.9969992195597,-0.510510614153083,0.500897561875072,0.500030017332392,0.00173498492612069,NA,7.21790054392102e-08,0.0565685435156891
1,1,100,"rtdr",10000,0.00802246060440914,0.540492490663368,49.9953776150678,50.0000000000018,-0.653703946478091,0.512432793666432,0.499999999910415,0.0248655875164901,NA,4.44089209850063e-16,0.0565685424949238
1.5,1,100,"rtdr",10000,0.00896301949527689,0.397859680498515,50.0085584941574,50.0050005000426,0.503201517488557,0.506551344964626,0.49994999286946,0.0132040247811126,NA,-1.20144203918926e-07,0.0565685424949238
3,1,100,"rtdr",10000,0.00897552133705781,0.396122284253269,50.023484016645,50.0199960010087,0.493378533396589,0.50663485318039,0.49980010950685,0.0136749543338096,NA,-4.79423903243514e-07,0.0565685424949238
10,1,100,"rtdr",10000,0.00903383476412167,0.388079454637964,50.0932238724764,50.0898564308372,0.476655304740773,0.505679579452475,0.499104279975654,0.01317419974267,NA,-2.13343664468013e-06,0.0565685424949238
100,1,100,"rtdr",10000,0.00937955973409377,0.342507451127633,50.9749080461798,50.9713178972666,0.512540314305474,0.497755963707641,0.490646679118981,0.0144896213328612,NA,-2.04289730043605e-05,0.0565685424949238
0.05,100,100,"rtdr",10000,0.00763211980930145,0.604976504462315,0.489909443571136,0.490086592993796,-0.247854100747913,0.00517645948212888,0.00510842786463131,0.0133175253327136,NA,0.00349640503421211,0.0566179675372998
0.3,100,100,"rtdr",10000,0.00761400871675866,0.608011201084758,0.49256453391204,0.49273762808994,-0.242894192085128,0.00514828149594403,0.00507844390927001,0.0137517688334695,NA,0.00243862328782463,0.0566030193298955
0.7,100,100,"rtdr",10000,0.00811725054571525,0.5251890972951,0.496626649272282,0.496915617925809,-0.407334484329402,0.00519376404020027,0.00503267762431597,0.032008093486058,NA,0.0009608423505445,0.0565821292261158
1,100,100,"rtdr",10000,0.00802246060427148,0.540492490685713,0.499537761506777,0.500000000000393,-0.653703946735653,0.00512432793666431,0.00499999999980327,0.0248655873731863,NA,-1.84132797897973e-09,0.0565685424949238
1.5,100,100,"rtdr",10000,0.0076325659990909,0.604901774897414,0.5053047372073,0.505052176836427,0.359032178278142,0.00498233949917061,0.00494838709099987,0.00686130804772436,NA,-0.00136906285989591,0.0565685424949238
3,100,100,"rtdr",10000,0.00806873392248264,0.533001044038523,0.519924269393328,0.519607843137251,0.45617056861127,0.00483279505786073,0.00481161091887933,0.0044027123843866,NA,-0.00421579602075095,0.0565685424949238
10,100,100,"rtdr",10000,0.00928646051505255,0.35441897453275,0.579224507252925,0.578803791496606,0.635114703418084,0.00445151047692334,0.0043880666974565,0.0144582532219956,NA,-0.007733367091185,0.0565685424949238
100,100,100,"rtdr",10000,0.00771597724305462,0.590963730938654,0.998015321533728,0.997776150233767,0.414412537760886,0.0033613369442785,0.00333082914156646,0.0091592217479195,NA,-0.00223182394583032,0.0565685424949238
0.05,0.01,1000,"rtdr",10000,0.00823340298087094,0.506676635214578,50000.0037390149,49999.99905,0.0663126843676739,50.3384467017171,50.0000009536743,0.00676891483174936,NA,2.22044604925031e-15,0.0565685424949238
0.3,0.01,1000,"rtdr",10000,0.00823340298087094,0.506676635214578,50000.0039890098,49999.9993,0.0663126121410843,50.3384463116414,50.0000004768372,0.00676891663153138,NA,2.22044604925031e-15,0.0565685424949238
0.7,0.01,1000,"rtdr",10000,0.00483308710778563,0.973629282219497,49999.9626170651,49999.9997,-0.524431894133722,49.6339164842747,50,0.00732167031450587,NA,1.33226762955019e-15,0.0565685424949238
1,0.01,1000,"rtdr",10000,0.00802246060435796,0.540492490671675,49999.9537761507,50000,-0.653703946135556,51.2432793666434,50,0.0248655873328673,NA,1.77635683940025e-15,0.0565685424949238
1.5,0.01,1000,"rtdr",10000,0.00739923577153911,0.644148350291271,50000.0159459153,50000.0005,0.218438229815423,50.3873875271192,49.9999995231628,0.00774776015301631,NA,-2.22044604925031e-15,0.0565685424949238
3,0.01,1000,"rtdr",10000,0.00739924091466926,0.644147482894681,50000.0174458592,50000.002,0.218437439702753,50.3873873217625,49.9999980926514,0.00774778487777712,NA,-5.77315972805081e-15,0.0565685424949238
10,0.01,1000,"rtdr",10000,0.00739925377249473,0.644145314403354,50000.0244456054,50000.0089999986,0.218433885912164,50.3873870284341,49.999990940094,0.00774792317071205,NA,-2.22044604925031e-14,0.0565685424949238
100,0.01,1000,"rtdr",10000,0.00739941320955018,0.644118425127516,50000.1144420456,50000.098999806,0.218386463472235,50.3873817397,49.9999008178711,0.0077496338090808,NA,-2.37587727269783e-13,0.0565685424949238
0.05,1,1000,"rtdr",10000,0.00796297280301705,0.55017851205,500.000953989166,499.999049996295,0.269264998304546,0.503808700591925,0.500000950007234,0.0076154866998479,NA,2.28026486581712e-11,0.0565685424952463
0.3,1,1000,"rtdr",10000,0.00796294561634614,0.550182952300217,500.001203861134,499.99929999762,0.269246771802968,0.503808562553692,0.50000070000533,0.00761571443464297,NA,1.68016711654673e-11,0.0565685424951614
0.7,1,1000,"rtdr",10000,0.00489716890467795,0.970143548430121,499.995902604379,499.99969999922,-0.537032567496107,0.498434214838233,0.500000300002284,0.0031321684487876,NA,7.20135062692862e-12,0.0565685424950256
1,1,1000,"rtdr",10000,0.00802246060441714,0.54049249066207,499.995377615068,500,-0.653703946169319,0.512432793666433,0.5,0.0248655873328654,NA,4.44089209850063e-16,0.0565685424949238
1.5,1,1000,"rtdr",10000,0.00787914503958331,0.563925197504182,500.002068903447,500.0005000005,0.221876493475935,0.500671159073479,0.499999500025297,0.0013433194396166,NA,-1.19997345393585e-11,0.0565685424949238
3,1,1000,"rtdr",10000,0.00787934354912934,0.563892518245502,500.003568528541,500.001999996,0.221824442832574,0.500670450498321,0.499998000013875,0.00134490634848047,NA,-4.7999382246644e-11,0.0565685424949238
10,1,1000,"rtdr",10000,0.00788026370025929,0.563741047615318,500.01056665998,500.008999856004,0.221581537336642,0.500667144139979,0.499991000426235,0.00135231176794752,NA,-2.15973461337171e-10,0.0565685424949238
100,1,1000,"rtdr",10000,0.00779205876154587,0.57831448629157,500.100553459993,500.098980603564,0.222457500777342,0.500479040160525,0.499901058181422,0.00115619274983253,NA,-2.37228814370383e-09,0.0565685424949238
0.05,100,1000,"rtdr",10000,0.00829086310858229,0.497624041212819,4.99939414505608,4.99904962914741,0.487172739737367,0.0050182579859403,0.00500095105821075,0.00346072727529337,NA,2.28805203228433e-07,0.0565685457307179
0.3,100,1000,"rtdr",10000,0.00828811737400481,0.498054961868056,4.99964332964047,4.99929976179706,0.485844262752465,0.00501806643286153,0.00500070068117253,0.00347266369178552,NA,1.68525724042468e-07,0.0565685448782374
0.7,100,1000,"rtdr",10000,0.00517722900505546,0.951465050261596,4.99933892560317,4.99969992195658,-0.510510615181443,0.0050089756187507,0.005000300170245,0.00173498554293327,NA,7.21790036628533e-08,0.056568543515689
1,100,1000,"rtdr",10000,0.00802246060440914,0.540492490663368,4.99953776150678,5.0000000000008,-0.653703947551421,0.00512432793666431,0.00499999999601997,0.0248655881486624,NA,-8.88178419700125e-16,0.0565685424949238
1.5,100,1000,"rtdr",10000,0.00896301949527689,0.397859680498515,5.00085584941574,5.00050005000488,0.503201516772283,0.00506551344964625,0.00499949992561,0.0132040254062405,NA,-1.20144200810302e-07,0.0565685424949238
3,100,1000,"rtdr",10000,0.00897552133705781,0.396122284253269,5.0023484016645,5.00199960010149,0.493378532676697,0.00506634853180391,0.00499800109198389,0.0136749549594202,NA,-4.79423903687604e-07,0.0565685424949238
10,100,1000,"rtdr",10000,0.00903383476412167,0.388079454637964,5.00932238724763,5.00898564308434,0.476655304015596,0.00505679579452476,0.00499104279666085,0.0131742003710922,NA,-2.13343664645649e-06,0.0565685424949238
100,100,1000,"rtdr",10000,0.00937955973409377,0.342507451127633,5.09749080461799,5.09713178972729,0.512540313579492,0.00497755963707639,0.00490646678792572,0.0144896220077594,NA,-2.04289730048046e-05,0.0565685424949238
0.05,0.01,10000,"rtdr",10000,0.00919018841809327,0.3670174791205,500000.04104662,499999.999905,0.5818303750184,50.5656317216263,50.0000000095,0.0113126342403767,NA,-2.22044604925031e-15,0.0565685424949238
0.3,0.01,10000,"rtdr",10000,0.00919018841809327,0.3670174791205,500000.04106986,499999.99993,0.58180548698963,50.5656063331435,50.000000007,0.0113121265212869,NA,4.44089209850063e-16,0.0565685424949238
0.7,0.01,10000,"rtdr",10000,0.00484648040190305,0.972924271036527,499999.962088161,499999.99997,-0.53573010605827,49.6366109493372,50.000000003,0.00726778107282093,NA,-2.22044604925031e-15,0.0565685424949238
1,0.01,10000,"rtdr",10000,0.00802246060435796,0.540492490671675,499999.953776151,5e+05,-0.653703946547146,51.2432793666396,50,0.0248655873327921,NA,1.77635683940025e-15,0.0565685424949238
1.5,0.01,10000,"rtdr",10000,0.00785532085674556,0.567851329810241,500000.021544633,500000.00005,0.303980012533235,50.793917187212,49.999999995,0.0158783438458285,NA,-4.44089209850063e-16,0.0565685424949238
3,0.01,10000,"rtdr",10000,0.00785501060018534,0.567902512103379,500000.021694238,500000.0002,0.303974428944583,50.7939108511138,49.99999998,0.0158782174286282,NA,0,0.0565685424949238
10,0.01,10000,"rtdr",10000,0.00785563111345366,0.567800148843736,500000.022397263,500000.0009,0.30401720491592,50.7939104133318,49.99999991,0.0158782100952172,NA,-8.88178419700125e-16,0.0565685424949238
100,0.01,10000,"rtdr",10000,0.00785532085674556,0.567851329810241,500000.031396522,500000.0099,0.304006738440655,50.7939304179596,49.9999990100001,0.0158786284735883,NA,0,0.0565685424949238
0.05,1,10000,"rtdr",10000,0.00823340045835252,0.506677034205089,5000.00037390149,4999.999905,0.0663126847273225,0.503384467017175,0.50000000372529,0.00676892653333628,NA,1.77635683940025e-15,0.0565685424949238
0.3,1,10000,"rtdr",10000,0.00823340045835252,0.506677034205089,5000.00039890098,4999.99993,0.0663126120661176,0.503384463116415,0.500000007450581,0.00676891123080338,NA,3.10862446895044e-15,0.0565685424949238
0.7,1,10000,"rtdr",10000,0.00483308710778563,0.973629282219497,4999.99626170651,4999.99997,-0.524431892154336,0.496339164842754,0.50000000372529,0.00732167771052134,NA,2.66453525910038e-15,0.0565685424949238
1,1,10000,"rtdr",10000,0.00802246060429046,0.540492490682631,4999.99537761507,5000,-0.65370394616128,0.512432793666435,0.5,0.0248655873328698,NA,4.44089209850063e-16,0.0565685424949238
1.5,1,10000,"rtdr",10000,0.00739923577153911,0.644148350291271,5000.00159459153,5000.00005,0.218438229510401,0.503873875271196,0.49999999627471,0.00774775805069697,NA,-1.77635683940025e-15,0.0565685424949238
3,1,10000,"rtdr",10000,0.00739924091466926,0.644147482894681,5000.00174458591,5000.0002,0.218437440367398,0.503873873217623,0.499999977648258,0.00774779148508375,NA,-4.88498130835069e-15,0.0565685424949238
10,1,10000,"rtdr",10000,0.00739925377249473,0.644145314403354,5000.00244456054,5000.00089999986,0.218433886439776,0.503873870284344,0.499999906867743,0.00774792827636624,NA,-2.17603712826531e-14,0.0565685424949238
100,1,10000,"rtdr",10000,0.00739941320955018,0.644118425127516,5000.01144420456,5000.0098999806,0.218386463302706,0.503873817397008,0.499999009072781,0.00774963200709823,NA,-2.37143638059933e-13,0.0565685424949238
0.05,100,10000,"rtdr",10000,0.00796297278376301,0.550178515194653,50.0000953989166,49.9999049996295,0.269264998291912,0.00503808700591924,0.00500000950069079,0.00761548657521307,NA,2.28022045689613e-11,0.0565685424952463
0.3,100,10000,"rtdr",10000,0.00796294559709221,0.55018295544486,50.0001203861134,49.999929999762,0.269246771803272,0.0050380856255369,0.00500000700048986,0.00761571434666277,NA,1.68007829870476e-11,0.0565685424951614
0.7,100,10000,"rtdr",10000,0.00489716888448,0.970143549573903,49.9995902604379,49.999969999922,-0.537032567552068,0.00498434214838234,0.00500000299916792,0.00313216827833676,NA,7.20135062692862e-12,0.0565685424950256
1,100,10000,"rtdr",10000,0.00802246060442235,0.540492490661223,49.9995377615068,50,-0.653703946156156,0.0051243279366643,0.00500000000010914,0.0248655873104893,NA,-8.88178419700125e-16,0.0565685424949238
1.5,100,10000,"rtdr",10000,0.00787914503958331,0.563925197504182,50.0002068903447,50.00005000005,0.221876493469955,0.00500671159073481,0.00499999499970727,0.00134331954890563,NA,-1.20001786285684e-11,0.0565685424949238
3,100,10000,"rtdr",10000,0.00787934352968855,0.563892521445876,50.0003568528541,50.0001999996,0.221824442828577,0.00500670450498316,0.0049999799998659,0.00134490640311423,NA,-4.7999382246644e-11,0.0565685424949238
10,100,10000,"rtdr",10000,0.00788026370025929,0.563741047615318,50.001056665998,50.0008999856004,0.221581537335007,0.0050066714413998,0.0049999100046989,0.00135231168051944,NA,-2.15973905426381e-10,0.0565685424949238
100,100,10000,"rtdr",10000,0.00779205876154587,0.57831448629157,50.0100553459993,50.0098980603564,0.222457500764891,0.00500479040160524,0.00499901058174146,0.00115619276440216,NA,-2.37228947597146e-09,0.0565685424949238
0.05,0.01,-10000,"sun",10000,0.0103012813398889,0.239093753616366,4.6470142537745e-06,4.99999999895008e-06,-1.5786002430993,3.85373689316863e-10,4.99999999685e-10,0.229252620880702,NA,119.9999998992,0.44181444050497
0.3,0.01,-10000,"sun",10000,0.00415139101318451,0.995301101740727,2.98591808459297e-05,2.99999999922e-05,-0.257099409903147,2.91653731837733e-09,2.99999999765997e-09,0.0278208931159124,NA,19.9999999792003,0.187616630304247
0.7,0.01,-10000,"sun",10000,0.00864618642846372,0.443387437180072,6.89820318564664e-05,6.99999999762041e-05,-1.21670462072137,6.84630768153435e-09,6.99999999286034e-09,0.0219560444975349,NA,8.57142855977042,0.130054933376757
1,0.01,-10000,"sun",10000,0.00626995197308045,0.826651318493245,0.000101348813363948,9.99999999600003e-05,1.34881340475746,1.05536211825985e-08,9.999999988e-09,0.0553621195262884,NA,5.99999999039989,0.113137084921965
1.5,0.01,-10000,"sun",10000,0.0076492625509017,0.602106595909771,0.000150691058121161,0.000149999999925,0.564246654810937,1.50158555854675e-08,1.49999999775008e-08,0.00105704053270198,NA,3.99999999199938,0.0979795896460024
3,0.01,-10000,"sun",10000,0.00675015607019325,0.752322353218214,0.000301344648476965,0.00029999999976,0.776333299636977,3.04753933165689e-08,2.99999999279999e-08,0.0158464463236652,NA,1.99999999359798,0.0799999999359798
10,0.01,-10000,"sun",10000,0.00596992877750664,0.868239334371209,0.000999572484603277,0.000999999997800004,-0.135191543590377,1.00570778065677e-07,9.99999993390764e-08,0.00570778730373447,NA,0.599999992886098,0.0644980618981513
100,0.01,-10000,"sun",10000,0.00756365644902697,0.616461301072626,0.00999264595349135,0.00999999979800028,-0.735736863029486,1.01141359213433e-06,9.9904224525808e-07,0.0123832069514245,NA,0.0435711102649714,0.0571814111090655
0.05,1,-10000,"sun",10000,0.0103012916934897,0.239092738856674,4.64701554267815e-06,4.99999989500009e-06,-1.57859471010079,3.85373850345122e-10,4.99999558766121e-10,0.22925161914916,NA,119.999989920002,0.441814422435488
0.3,1,-10000,"sun",10000,0.00415643694819812,0.995224571527707,2.98600264784613e-05,2.99999992199999e-05,-0.255554075153395,2.91668599030174e-09,3.0000004249986e-09,0.0277714742980094,NA,19.9999979200008,0.18761662152379
0.7,1,-10000,"sun",10000,0.0087967127589086,0.421403769331885,6.89629546444319e-05,6.99999976200043e-05,-1.23950531222574,6.84654690083514e-09,6.99997878028241e-09,0.0219189063657522,NA,8.57142740571359,0.130054926277868
1,1,-10000,"sun",10000,0.00626995417594756,0.826650997139526,0.000101348811357242,9.99999960000002e-05,1.34881537138599,1.05536207646752e-08,9.9999997902721e-09,0.0553620986014034,NA,5.99999904000018,0.113137078201624
1.5,1,-10000,"sun",10000,0.00764926383915465,0.60210638033623,0.000150691051783756,0.000149999992500001,0.564247587897635,1.50158540252992e-08,1.49999975812024e-08,0.00105709644357699,NA,3.99999919999965,0.0979795831793514
3,1,-10000,"sun",10000,0.00675015491701964,0.752322540034669,0.000301344626682125,0.000299999976000005,0.776334601165862,3.04753876447473e-08,2.9999987025347e-08,0.0158466941668541,NA,1.99999935999828,0.0799999935999825
10,1,-10000,"sun",10000,0.00596993577237122,0.868238419949229,0.000999572275408556,0.000999999780000106,-0.135188881462109,1.00570725830439e-07,9.99999119537899e-08,0.00570814379229705,NA,0.599999470166694,0.0644980554146147
100,1,-10000,"sun",10000,0.0075637449773316,0.616446428847406,0.00999262606055734,0.00999997980008187,-0.735375928169509,1.01140856042905e-06,9.99994626657588e-07,0.0114139951027647,NA,0.0435709173442564,0.0571814084099964
0.05,100,-10000,"sun",10000,0.0103012745961039,0.239094414578612,4.64700550287627e-06,4.99998950006518e-06,-1.57859740408142,3.85371657689223e-10,4.99996846120746e-10,0.229251822928181,NA,119.998992021596,0.441812615522184
0.3,100,-10000,"sun",10000,0.00408371130864782,0.996239612628637,2.98607471464976e-05,2.99999220005615e-05,-0.254098347421688,2.91729614442965e-09,2.99997660609173e-09,0.0275603688022761,NA,19.9997920048985,0.187615743496748
0.7,100,-10000,"sun",10000,0.00897901082156961,0.395638168432953,6.8865277648994e-05,6.99997620020985e-05,-1.35597509109748,6.82722375687872e-09,6.9999283941876e-09,0.0246723434274393,NA,8.57131200314048,0.130054216406177
1,100,-10000,"sun",10000,0.00627017446001121,0.826618861072106,0.000101348610687402,9.99996000039998e-05,1.34901877683396,1.05535789725463e-08,9.99988001045798e-09,0.0553705605976491,NA,5.99990400283179,0.113136406185325
1.5,100,-10000,"sun",10000,0.00764939266015141,0.602084823775661,0.000150690418048043,0.000149999250009,0.564340573341397,1.50156980101887e-08,1.49997749975358e-08,0.0010615501002898,NA,3.99992000269927,0.0979789365339247
3,100,-10000,"sun",10000,0.00675003959826836,0.752341221750247,0.000301342447228642,0.000299997600043198,0.776457201346385,3.04748204741985e-08,2.99992800564698e-08,0.0158517276692499,NA,1.99993600297383,0.0799993600271785
10,100,-10000,"sun",10000,0.00597063523529646,0.868146966841879,0.000999551356812118,0.000999978001011946,-0.134921194524759,1.00565502612984e-07,9.99934002127214e-08,0.00572140160296154,NA,0.599947203766065,0.0644974071263776
100,100,-10000,"sun",10000,0.00757259294147956,0.61496028254431,0.00999063756604372,0.00999798081970207,-0.734547811323954,1.01090567283477e-06,9.99394425242936e-07,0.0115182227367646,NA,0.0435516307097066,0.0571811385785167
0.05,0.01,-1000,"sun",10000,0.0103012916934905,0.239092738856598,4.64701554267815e-05,4.99999989500009e-05,-1.57859468644075,3.85373850345149e-08,4.99999573754131e-08,0.229251642253095,NA,119.999989920002,0.441814422435487
0.3,0.01,-1000,"sun",10000,0.00415643694819723,0.99522457152772,0.000298600264784614,0.0002999999922,-0.255554082057286,2.91668599030175e-07,3.00000026290604e-07,0.0277714217676717,NA,19.9999979200008,0.18761662152379
0.7,0.01,-1000,"sun",10000,0.0087967127589086,0.421403769331885,0.000689629546444319,0.000699999976200043,-1.2395052921735,6.84654690083513e-07,6.99997900676791e-07,0.0219189380117336,NA,8.5714274057136,0.130054926277868
1,0.01,-1000,"sun",10000,0.00626995417594756,0.826650997139526,0.00101348811357242,0.000999999960000001,1.34881534503033,1.05536207646752e-06,1.00000001810706e-06,0.0553620573580131,NA,5.99999904000017,0.113137078201623
1.5,0.01,-1000,"sun",10000,0.00764926383915465,0.60210638033623,0.00150691051783756,0.00149999992500001,0.564247603433203,1.50158540252991e-06,1.49999967551964e-06,0.0010571515688627,NA,3.99999919999965,0.0979795831793514
3,0.01,-1000,"sun",10000,0.00675015491701964,0.752322540034669,0.00301344626682125,0.00299999976000005,0.776334556117401,3.04753876447473e-06,2.99999905070069e-06,0.0158465762723968,NA,1.99999935999828,0.0799999935999826
10,0.01,-1000,"sun",10000,0.0059699357723731,0.868238419948982,0.00999572275408556,0.0099999978000011,-0.135188897577201,1.0057072583044e-05,9.99998881150717e-06,0.00570838354049921,NA,0.599999470166694,0.0644980554146147
100,0.01,-1000,"sun",10000,0.0075637449773316,0.616446428847406,0.0999262606055734,0.0999997980008178,-0.735375756564082,0.000101140856042905,9.9999509334394e-05,0.0114135230873412,NA,0.0435709173442596,0.0571814084099965
0.05,1,-1000,"sun",10000,0.0103012745961035,0.239094414578645,4.64700550287627e-05,4.99998950006518e-05,-1.5785974044751,3.8537165768921e-08,4.99996845871379e-08,0.229251822543808,NA,119.998992021596,0.441812615522184
0.3,1,-1000,"sun",10000,0.00408371130864826,0.996239612628632,0.000298607471464977,0.000299999220005615,-0.254098347499596,2.91729614442965e-07,2.99997660425293e-07,0.0275603682062279,NA,19.9997920048985,0.187615743496748
0.7,1,-1000,"sun",10000,0.00897901082157083,0.395638168432784,0.00068865277648994,0.000699997620020986,-1.35597509144033,6.82722375687871e-07,6.99992839064876e-07,0.0246723429343601,NA,8.57131200314049,0.130054216406177
1,1,-1000,"sun",10000,0.00627017446001166,0.826618861072041,0.00101348610687402,0.00099999600004,1.34901877749136,1.05535789725463e-06,9.9998800007088e-07,0.0553705616265675,NA,5.99990400283178,0.113136406185325
1.5,1,-1000,"sun",10000,0.00764939266015141,0.602084823775661,0.00150690418048042,0.00149999250009,0.564340573508813,1.50156980101887e-06,1.49997749886192e-06,0.00106155069536137,NA,3.99992000269928,0.0979789365339247
3,1,-1000,"sun",10000,0.00675003959826737,0.752341221750409,0.00301342447228642,0.00299997600043199,0.776457201536728,3.04748204741985e-06,2.99992800417591e-06,0.0158517281673902,NA,1.99993600297383,0.0799993600271785
10,1,-1000,"sun",10000,0.00597063523529835,0.868146966841632,0.00999551356812118,0.00999978001011943,-0.134921194448982,1.00565502612985e-05,9.99934003240258e-06,0.00572140048348033,NA,0.599947203766064,0.0644974071263776
100,1,-1000,"sun",10000,0.00757259294146369,0.614960282546976,0.0999063756604372,0.0999798081970198,-0.734547809573805,0.000101090567283476,9.99394429978852e-05,0.0115182179433921,NA,0.0435516307097066,0.0571811385785167
0.05,100,-1000,"sun",10000,0.0103014745622589,0.239074816361219,4.64650084667128e-05,4.9989506503348e-05,-1.576699665361,3.85277197773606e-08,4.99685324993425e-08,0.228960350639323,NA,119.899415388321,0.441632273074912
0.3,100,-1000,"sun",10000,0.00432316157230618,0.992119935175461,0.00029870006534694,0.000299922056095982,-0.223190923215828,2.91739144753789e-07,2.99766280356013e-07,0.0267779804742884,NA,19.9792488424735,0.187528126284986
0.7,100,-1000,"sun",10000,0.00952060982576531,0.324974312318443,0.000688773758989643,0.000699762209161123,-1.31404035192839,6.83523952790721e-07,6.99287045012363e-07,0.022541662017153,NA,8.55980274270241,0.129983400433763
1,100,-1000,"sun",10000,0.00629217574995289,0.823398498733158,0.00101328551725395,0.000999600399409128,1.36933226314955,1.05494018478882e-06,9.98801995860542e-07,0.056205523377949,NA,5.99042822074398,0.113069382032407
1.5,100,-1000,"sun",10000,0.00766223148844569,0.599937155537107,0.00150627092190677,0.00149925089845087,0.57361202645692,1.50001136806547e-06,1.49775448916474e-06,0.00150684168670812,NA,3.99202689366619,0.0979144679292387
3,100,-1000,"sun",10000,0.00673849356065981,0.754210121775978,0.00301124806436251,0.00299760430937575,0.788666697167715,3.04182192974971e-06,2.9928215256844e-06,0.0163726448920492,NA,1.99362960459461,0.0799362706620179
10,100,-1000,"sun",10000,0.0061403462132283,0.845171691218384,0.0099705185921421,0.00997810060131457,-0.240553266556279,9.96593182133487e-06,9.93450181721337e-06,0.00316372221776045,NA,0.594775345837801,0.0644332255388513
100,100,-1000,"sun",10000,0.0077112980565462,0.59174380983713,0.0979834135351855,0.0980580588561022,-0.768589093972294,9.55901913621331e-05,9.43228128624067e-05,0.0134366062807648,NA,0.0416798100343301,0.0571549446334692
0.05,0.01,-100,"sun",10000,0.0103012745961033,0.239094414578667,0.000464700550287628,0.000499998950006518,-1.57859740425161,3.85371657689224e-06,4.99996846012933e-06,0.229251822761985,NA,119.998992021596,0.441812615522184
0.3,0.01,-100,"sun",10000,0.00408371130864893,0.996239612628623,0.00298607471464977,0.00299999220005615,-0.254098347463808,2.91729614442965e-05,2.9999766050967e-05,0.0275603684797327,NA,19.9997920048985,0.187615743496748
0.7,0.01,-100,"sun",10000,0.00897901082156961,0.395638168432953,0.0068865277648994,0.00699997620020985,-1.35597509122306,6.8272237568787e-05,6.99992839289141e-05,0.02467234324684,NA,8.57131200314048,0.130054216406177
1,0.01,-100,"sun",10000,0.00627017446001166,0.826618861072041,0.0101348610687402,0.00999996000039999,1.34901877732067,0.000105535789725463,9.99988000324012e-05,0.0553705613594152,NA,5.99990400283179,0.113136406185325
1.5,0.01,-100,"sun",10000,0.00764939266015086,0.602084823775754,0.0150690418048042,0.0149999250009,0.564340573416975,0.000150156980101887,0.000149997749935042,0.0010615503693445,NA,3.99992000269928,0.0979789365339247
3,0.01,-100,"sun",10000,0.00675003959826836,0.752341221750247,0.0301342447228642,0.0299997600043199,0.776457201720457,0.000304748204741985,0.000299992800275481,0.01585172864861,NA,1.99993600297383,0.0799993600271785
10,0.01,-100,"sun",10000,0.00597063523529835,0.868146966841632,0.0999551356812118,0.0999978001011941,-0.134921194362359,0.00100565502612983,0.00099993400451218,0.00572139920418489,NA,0.59994720376606,0.0644974071263775
100,0.01,-100,"sun",10000,0.00757259294146369,0.614960282546976,0.999063756604372,0.999798081970188,-0.734547807818412,0.0101090567283476,0.00999394434730017,0.0115182131345931,NA,0.0435516307097088,0.0571811385785167
0.05,1,-100,"sun",10000,0.0103014745622587,0.23907481636124,0.000464650084667128,0.000499895065033481,-1.57669966536172,3.85277197773567e-06,4.99685324992969e-06,0.228960350638698,NA,119.899415388321,0.441632273074912
0.3,1,-100,"sun",10000,0.00432316157230626,0.992119935175459,0.0029870006534694,0.00299922056095982,-0.223190923216048,2.91739144753789e-05,2.99766280355475e-05,0.0267779804725418,NA,19.9792488424735,0.187528126284986
0.7,1,-100,"sun",10000,0.00952060982576531,0.324974312318443,0.00688773758989643,0.00699762209161123,-1.31404035192596,6.83523952790718e-05,6.99287045014862e-05,0.0225416620206493,NA,8.5598027427024,0.129983400433762
1,1,-100,"sun",10000,0.00629217574995289,0.823398498733158,0.0101328551725395,0.00999600399409128,1.36933226314782,0.000105494018478882,9.98801995863145e-05,0.0562055233751905,NA,5.99042822074397,0.113069382032407
1.5,1,-100,"sun",10000,0.00766223148845213,0.59993715553603,0.0150627092190679,0.0149925089845087,0.573612026460216,0.000150001136806552,0.000149775448915589,0.00150684169266254,NA,3.9920268936662,0.0979144679292387
3,1,-100,"sun",10000,0.0067384935606668,0.754210121774846,0.0301124806436254,0.0299760430937574,0.788666697168064,0.000304182192974978,0.000299282152569384,0.0163726448888643,NA,1.99362960459462,0.079936270662018
10,1,-100,"sun",10000,0.00614034621323024,0.845171691218112,0.099705185921421,0.0997810060131454,-0.240553266554382,0.00099659318213348,0.000993450181732461,0.00316372220652069,NA,0.594775345837803,0.0644332255388513
100,1,-100,"sun",10000,0.0077112980565462,0.59174380983713,0.979834135351855,0.980580588561026,-0.76858909398657,0.0095590191362133,0.00943228128600182,0.0134366063064265,NA,0.0416798100343305,0.0571549446334692
0.05,100,-100,"sun",10000,0.0101980057091129,0.249376616920892,0.000458757351183517,0.000490092441530659,-1.44329501720691,3.75173285617779e-06,4.71358863342488e-06,0.204060186844989,NA,111.63584278293,0.426400455502439
0.3,100,-100,"sun",10000,0.00464683419589229,0.982191381157507,0.00292565527593692,0.00292705831241536,-0.0265608618812912,2.74475869316118e-05,2.790317342804e-05,0.0163274079775606,NA,18.3025442924326,0.180233378894954
0.7,100,-100,"sun",10000,0.0092854557198312,0.354548994326384,0.00666384408352814,0.00678055477447178,-1.46177934666913,6.16793708651018e-05,6.3746689714497e-05,0.0324302149437727,NA,7.64461641732341,0.124223130968904
1,100,-100,"sun",10000,0.00625324258835802,0.829082682065974,0.0097927107447796,0.00963500274318408,1.66548759861943,9.61581365895883e-05,8.96653505467979e-05,0.0724113161125904,NA,5.25123407189219,0.107712462208546
1.5,100,-100,"sun",10000,0.00918764442568054,0.367354245026266,0.0144284540043445,0.0143271731744585,0.884403634944274,0.000132795184059221,0.000131145521599802,0.0125788699400116,NA,3.39519897332265,0.0929102704619691
3,100,-100,"sun",10000,0.00641976624543023,0.804325632866369,0.0280442868006147,0.0279493236324896,0.607723370234473,0.000246865858289223,0.000244173492241581,0.0110264469043109,NA,1.55713307501611,0.0754414535916812
10,100,-100,"sun",10000,0.00663086135722158,0.771471891345794,0.0844158877640794,0.0844852490055781,-0.278647259367097,0.000620095400824434,0.000619618197676404,0.000770156767214408,NA,0.338906236043735,0.0611739321743337
100,100,-100,"sun",10000,0.00744551166760022,0.636345927955073,0.498674565923826,0.498892180928439,-0.534034385086903,0.00169576646160193,0.00166050134424645,0.0212376325244634,NA,0.00886286052550966,0.0566937437186928
0.05,0.01,-10,"sun",10000,0.0103014745622587,0.23907481636124,0.00464650084667128,0.00499895065033481,-1.57669966536334,0.000385277197773569,0.000499685324991956,0.228960350637132,NA,119.899415388321,0.441632273074912
0.3,0.01,-10,"sun",10000,0.00432316157230626,0.992119935175459,0.029870006534694,0.0299922056095982,-0.223190923215883,0.0029173914475379,0.00299766280355841,0.0267779804737299,NA,19.9792488424735,0.187528126284986
0.7,0.01,-10,"sun",10000,0.00952060982576531,0.324974312318443,0.0688773758989643,0.0699762209161123,-1.31404035192782,0.00683523952790719,0.00699287045012974,0.0225416620180089,NA,8.5598027427024,0.129983400433762
1,0.01,-10,"sun",10000,0.00629217574995289,0.823398498733158,0.101328551725395,0.0999600399409126,1.36933226314375,0.0105494018478882,0.00998801995869276,0.0562055233687088,NA,5.99042822074396,0.113069382032407
1.5,0.01,-10,"sun",10000,0.00766223148844891,0.599937155536569,0.150627092190679,0.149925089845087,0.573612026459391,0.0150001136806553,0.0149775448916127,0.00150684168906871,NA,3.99202689366619,0.0979144679292387
3,0.01,-10,"sun",10000,0.00673849356065681,0.754210121776463,0.301124806436253,0.299760430937574,0.788666697166398,0.0304182192974976,0.0299282152570487,0.0163726448851122,NA,1.99362960459462,0.0799362706620179
10,0.01,-10,"sun",10000,0.0061403462132293,0.845171691218244,0.99705185921421,0.997810060131452,-0.240553266551964,0.0996593182133479,0.0993450181745157,0.00316372219369945,NA,0.594775345837802,0.0644332255388513
100,0.01,-10,"sun",10000,0.00771129805654226,0.591743809837787,9.79834135351855,9.80580588561031,-0.768589094001037,0.955901913621327,0.943228128575782,0.0134366063326394,NA,0.0416798100343292,0.0571549446334692
0.05,1,-10,"sun",10000,0.0101980057091129,0.249376616920892,0.00458757351183516,0.0049009244153066,-1.44329501720695,0.000375173285617795,0.000471358863342479,0.204060186844937,NA,111.63584278293,0.426400455502439
0.3,1,-10,"sun",10000,0.00464683419589229,0.982191381157507,0.0292565527593692,0.0292705831241536,-0.0265608618813742,0.00274475869316118,0.00279031734280382,0.016327407977495,NA,18.3025442924326,0.180233378894955
0.7,1,-10,"sun",10000,0.0092854557198312,0.354548994326384,0.0666384408352814,0.0678055477447178,-1.46177934666913,0.00616793708651019,0.00637466897144967,0.032430214943767,NA,7.6446164173234,0.124223130968904
1,1,-10,"sun",10000,0.00625324258835824,0.829082682065942,0.097927107447796,0.0963500274318408,1.66548759861943,0.00961581365895887,0.00896653505467975,0.0724113161125994,NA,5.2512340718922,0.107712462208546
1.5,1,-10,"sun",10000,0.00918764442573916,0.367354245018504,0.144284540043469,0.143271731744585,0.884403634965122,0.0132795184059283,0.0131145521599804,0.0125788699404701,NA,3.39519897332265,0.0929102704619691
3,1,-10,"sun",10000,0.00641976624546342,0.804325632861323,0.280442868006175,0.279493236324895,0.607723370252516,0.0246865858289298,0.024417349224159,0.0110264469045783,NA,1.55713307501612,0.0754414535916812
10,1,-10,"sun",10000,0.00663086135189546,0.771471892192337,0.844158877640796,0.844852490055782,-0.278647259366745,0.062009540082444,0.0619618197676329,0.000770156767346114,NA,0.338906236043734,0.0611739321743337
100,1,-10,"sun",10000,0.00744551166760783,0.636345927953792,4.98674565923826,4.98892180928441,-0.534034385093975,0.169576646160192,0.166050134424296,0.0212376325266014,NA,0.00886286052551055,0.0566937437186928
0.05,100,-10,"sun",10000,0.01106014975079,0.173073212913088,0.00270546244040701,0.00268036948809301,0.240570855050374,0.00010517579429489,0.000108797145002649,0.0332853468505228,NA,55.4037685528319,0.303061098929789
0.3,100,-10,"sun",10000,0.00502183376069316,0.962531559225233,0.0149330919269185,0.0148442015661536,0.383433308145257,0.000548846560311608,0.000537439601555721,0.0212246338432603,NA,7.94564656358849,0.126146876702285
0.7,100,-10,"sun",10000,0.0061008698272751,0.850651151891129,0.0311022099679731,0.0311528859527833,-0.162555556157997,0.000988663212776829,0.000971853399173711,0.0172966556657722,NA,2.74629861984755,0.0871440060575372
1,100,-10,"sun",10000,0.00566091633343869,0.90575386532174,0.0416114540846907,0.0416352820649349,-0.0692270547542962,0.00118081377674091,0.00118473918412657,0.0033133093243214,NA,1.6661318620337,0.0765885825645959
1.5,100,-10,"sun",10000,0.00646159563378486,0.797935243162681,0.0568838422717069,0.056855891758961,0.0740527737338658,0.00146009284464355,0.00142461298434526,0.0249049115010007,NA,0.90120804161707,0.0681317317157528
3,100,-10,"sun",10000,0.00596039584620969,0.86948297179642,0.0923547290620657,0.0926727774518063,-0.754245937186211,0.00176768812253149,0.00177811744677767,0.00586537422771819,NA,0.282339667823729,0.0604296571934507
10,100,-10,"sun",10000,0.00636791251032776,0.812155910279078,0.195281165218906,0.195162085105233,0.256596686805073,0.00217496837753868,0.00215365628211623,0.00989577380542308,NA,0.0322604925954053,0.0570229496619795
100,100,-10,"sun",10000,0.00748022229079721,0.630497406948225,0.680429325135168,0.680846872575279,-0.851394631113847,0.00243610150548028,0.00240519247569854,0.0128509589540299,NA,0.000653104880837141,0.0565777780388143
0.05,0.01,-2,"sun",10000,0.0102399358696242,0.245162891848222,0.0231271112341485,0.0248707340991629,-1.57165842437359,0.00955185321664982,0.012308036669078,0.223933639989278,NA,117.606598318902,0.43745920645272
0.3,0.01,-2,"sun",10000,0.00435852715405716,0.991303887195627,0.148409450570915,0.149042067579217,-0.233217881132826,0.0715116831382882,0.0735797041700309,0.0281058622764217,NA,19.5085652890762,0.185509310986058
0.7,0.01,-2,"sun",10000,0.0095585515918395,0.320364063306802,0.341314083650706,0.347088357832603,-1.39761777591559,0.166849141251407,0.170693888596797,0.0225242237844369,NA,8.29817117765102,0.128363054981726
1,0.01,-2,"sun",10000,0.00610965231700189,0.849438943681659,0.501970926136093,0.495120583673021,1.39024201792128,0.25784323472294,0.242797240321155,0.0619693798079531,NA,5.77628190403633,0.111543942222149
1.5,0.01,-2,"sun",10000,0.00814855256672886,0.520173151628718,0.744699099636935,0.740894740587958,0.63265469022251,0.36247179936135,0.361600924573287,0.00240838650811187,NA,3.81537007778874,0.0964603137277813
3,0.01,-2,"sun",10000,0.00604883241374704,0.857751432024195,1.47550821161221,1.47127248303095,0.503359272395176,0.715428121935989,0.70810897758141,0.0103361835343169,NA,1.85646005040859,0.0785514868137691
10,0.01,-2,"sun",10000,0.00569388261688154,0.902040620008788,4.74977460497365,4.75259772167831,-0.192398865770417,2.15393624452672,2.15304272806696,0.000415001731321208,NA,0.495369820913651,0.0631869584128073
100,0.01,-2,"sun",10000,0.00720945913870747,0.676142968654157,36.525352356436,36.541733067065,-0.50483652844167,10.6900082830438,10.5284377488592,0.0153461071849947,NA,0.0201494215967619,0.0568527842286974
0.05,1,-2,"sun",10000,0.0109960796605487,0.178024307565335,0.018734212539609,0.0187531760597397,-0.0246985700247411,0.00581840790351902,0.00589514232793274,0.013016551619141,NA,70.2970650479136,0.340110723260325
0.3,1,-2,"sun",10000,0.00536411044474699,0.93580356868833,0.107776301622458,0.107234635708176,0.306333625258575,0.0315821487331365,0.0312660971963588,0.0101084422143501,NA,10.5464233312119,0.141683722882832
0.7,1,-2,"sun",10000,0.00441095187713837,0.98998210634511,0.234049431418355,0.233862383260027,0.0754582310004872,0.0620121895024954,0.0614460024359139,0.00921438407928876,NA,3.87750068025404,0.096974228991039
1,1,-2,"sun",10000,0.00442368382450121,0.989640153040422,0.320969449023081,0.319483757117396,0.530447401420484,0.0797166590192097,0.0784463718207574,0.0161930650069425,NA,2.44575007730994,0.0843397896825449
1.5,1,-2,"sun",10000,0.00434126506706815,0.991709620279522,0.448728207483327,0.448731570858562,-0.001064080062829,0.100278793591322,0.0999084064562445,0.00370726696797276,NA,1.39516319666963,0.0737038744888721
3,1,-2,"sun",10000,0.00654853905272101,0.784456566051082,0.77184292940357,0.769833849938736,0.541765112778121,0.139248062584331,0.137521993549767,0.0125512217355965,NA,0.483340222047055,0.0630344695803438
10,1,-2,"sun",10000,0.0054856253848617,0.924253144137976,1.74992299080703,1.74972365228346,0.0458833637145677,0.190503152144146,0.188743488356372,0.00932304368801327,NA,0.0622452688776391,0.0574420789161066
100,1,-2,"sun",10000,0.00823403832490928,0.506576146249633,6.56799693503613,6.57236138142812,-0.906696497682042,0.235515246143496,0.231704490484105,0.0164466197932924,NA,0.00130653924614066,0.0565870167334683
0.05,100,-2,"sun",10000,0.0106614316559835,0.205714157506569,0.00398659008330845,0.00385746211651505,0.92106209454228,0.000207007401039448,0.000196545364854501,0.0532296256016625,NA,41.6307655335548,0.264214353988741
0.3,100,-2,"sun",10000,0.00734131564106756,0.653918048938236,0.0199875242653435,0.0203805389342571,-1.32422915243533,0.000838228194248662,0.00088082824340666,0.0483636276162531,NA,5.61119627608392,0.110353586447085
0.7,100,-2,"sun",10000,0.00683236504240282,0.73893022303165,0.0407243390657735,0.0406646966479778,0.15718600892011,0.00146342443355819,0.00143973548004816,0.0164536846096453,NA,1.78073961271058,0.0777764963233555
1,100,-2,"sun",10000,0.00726258983042839,0.66719349596726,0.0527557918835251,0.0529354889475216,-0.43992697587585,0.00164946636206132,0.0016684791204116,0.0113952629779326,NA,1.02371887839474,0.0695553751009337
1.5,100,-2,"sun",10000,0.00712516381973051,0.690310835147226,0.069806260059838,0.070046093023514,-0.551218697653172,0.00188872324815028,0.00189308392190608,0.00230347619845935,NA,0.514321623725266,0.0634264503023811
3,100,-2,"sun",10000,0.00725804281672954,0.667959824993211,0.10874848551576,0.108406824158109,0.734476742314647,0.00215743495577542,0.00216389223437181,0.00298410359527779,NA,0.139571039992449,0.0585090904389046
10,100,-2,"sun",10000,0.00616716465006002,0.84140485196922,0.213317096398789,0.213282653933076,0.0706345624353369,0.00240035410160355,0.00237768299193305,0.00953495892741929,NA,0.0127181979639008,0.0567481199401552
100,100,-2,"sun",10000,0.00869091049454602,0.436790655959691,0.699798847386943,0.700371533869795,-1.15091084388131,0.0025177451770545,0.00247599920617197,0.016860252127087,NA,0.0001843112049289,0.0565711489889315
0.05,0.01,0,"sun",10000,0.00719086563084781,0.679271856577108,0.452750813871758,0.428444172090973,1.5970365149888,2.48569765056896,2.31643559140128,0.0730700477043231,NA,38.065790744123,0.253190175936186
0.3,0.01,0,"sun",10000,0.00726850797400581,0.666195988207525,2.23876719012585,2.22626101791078,0.394617372795239,10.3941922582255,10.0437618801309,0.0348903510733275,NA,5.0171437142622,0.105959567490716
0.7,0.01,0,"sun",10000,0.0106590771073464,0.205920120069917,4.36037038541209,4.36928326174829,-0.223455719215528,16.2041684981423,15.9093637786062,0.0185302645434802,NA,1.5429649482424,0.0752910613365746
1,0.01,0,"sun",10000,0.0114651535402143,0.144247687679196,5.70077605184955,5.64189583547756,1.38135005330227,18.7433184214535,18.1690113816209,0.0316091518558635,NA,0.869177303605975,0.0677545842417291
1.5,0.01,0,"sun",10000,0.0105737624158671,0.213490411468172,7.36906125077805,7.3966877979716,-0.613332792766503,20.3445063834921,20.2890096193381,0.00273531163892267,NA,0.424253430839145,0.0622800569150561
3,0.01,0,"sun",10000,0.00909735748653717,0.379433526538083,11.3454368836648,11.2837916709551,1.29454065906116,22.5892856321327,22.6760455264839,0.0038260592769509,NA,0.108163842816294,0.0580780694281936
10,0.01,0,"sun",10000,0.00867344508393431,0.43936034389099,21.8346071823249,21.809490743564,0.509029837598739,24.5000615325827,24.3461135063974,0.00632331013099489,NA,0.00852028621176126,0.0566889094791814
100,0.01,0,"sun",10000,0.0102126154373586,0.247902380183767,70.5690542043748,70.5341251487686,0.699460333810028,25.0564066289591,24.9371894978476,0.00478069636202324,NA,7.45868161464713e-05,0.0565695973019592
0.05,1,0,"sun",10000,0.00719086563084781,0.679271856577108,0.0452750813871758,0.0428444172090973,1.59703651498878,0.024856976505692,0.0231643559140128,0.0730700477044269,NA,38.0657907441229,0.253190175936186
0.3,1,0,"sun",10000,0.00726850797400581,0.666195988207525,0.223876719012584,0.222626101791078,0.394617372795218,0.103941922582255,0.100437618801309,0.0348903510733252,NA,5.01714371426221,0.105959567490716
0.7,1,0,"sun",10000,0.0106590771073464,0.205920120069917,0.436037038541209,0.436928326174829,-0.223455719215517,0.162041684981422,0.159093637786062,0.0185302645434763,NA,1.5429649482424,0.0752910613365746
1,1,0,"sun",10000,0.0114651535402143,0.144247687679196,0.570077605184955,0.564189583547756,1.38135005330224,0.187433184214535,0.181690113816209,0.0316091518558614,NA,0.869177303605974,0.0677545842417291
1.5,1,0,"sun",10000,0.0105737624158672,0.213490411468162,0.736906125077805,0.73966877979716,-0.613332792766547,0.203445063834921,0.202890096193381,0.00273531163892349,NA,0.42425343083912,0.0622800569150558
3,1,0,"sun",10000,0.00909735748653717,0.379433526538083,1.13454368836648,1.12837916709551,1.29454065906103,0.225892856321327,0.226760455264837,0.0038260592769435,NA,0.108163842816294,0.0580780694281936
10,1,0,"sun",10000,0.0086734450839342,0.439360343891007,2.18346071823249,2.1809490743564,0.509029837598774,0.245000615325827,0.243461135063975,0.00632331013098873,NA,0.00852028621176482,0.0566889094791814
100,1,0,"sun",10000,0.0102126154373585,0.247902380183778,7.05690542043748,7.05341251487693,0.699460333797636,0.250564066289591,0.249371894977521,0.00478069636587029,NA,7.45868161464713e-05,0.0565695973019592
0.05,100,0,"sun",10000,0.00719086563084781,0.679271856577108,0.00452750813871758,0.00428444172090973,1.59703651498882,0.000248569765056911,0.000231643559140128,0.0730700477043855,NA,38.065790744123,0.253190175936186
0.3,100,0,"sun",10000,0.00726850797400581,0.666195988207525,0.0223876719012585,0.0222626101791078,0.394617372795242,0.00103941922582256,0.00100437618801309,0.0348903510733316,NA,5.0171437142622,0.105959567490716
0.7,100,0,"sun",10000,0.0106590771073464,0.205920120069917,0.0436037038541209,0.0436928326174829,-0.223455719215503,0.00162041684981422,0.00159093637786062,0.0185302645434769,NA,1.5429649482424,0.0752910613365746
1,100,0,"sun",10000,0.0114651535402144,0.144247687679189,0.0570077605184955,0.0564189583547756,1.38135005330227,0.00187433184214535,0.00181690113816209,0.031609151855864,NA,0.869177303605977,0.0677545842417291
1.5,100,0,"sun",10000,0.0105737624158672,0.213490411468162,0.0736906125077805,0.073966877979716,-0.613332792766491,0.0020344506383492,0.00202890096193381,0.00273531163891929,NA,0.42425343083913,0.062280056915056
3,100,0,"sun",10000,0.00909735748653728,0.379433526538068,0.113454368836648,0.112837916709551,1.29454065906116,0.00225892856321327,0.00226760455264838,0.00382605927695164,NA,0.108163842816293,0.0580780694281935
10,100,0,"sun",10000,0.00867344508393431,0.43936034389099,0.218346071823249,0.21809490743564,0.509029837598917,0.00245000615325828,0.00243461135063978,0.00632331013098008,NA,0.00852028621176126,0.0566889094791814
100,100,0,"sun",10000,0.0102126154373584,0.247902380183789,0.705690542043748,0.7053412514877,0.699460333785617,0.0025056406628959,0.0024937189497658,0.00478069636966158,NA,7.45868161486918e-05,0.0565695973019593
0.05,0.01,2,"sun",10000,NA,NA,NA,NA,NA,NA,NA,NA,"sun_algo2_not_implemented",0.00015616727946588,0.056570750990659
0.3,0.01,2,"sun",10000,NA,NA,NA,NA,NA,NA,NA,NA,"sun_algo2_not_implemented",0.000113852912040358,0.056570152595333
0.7,0.01,2,"sun",10000,NA,NA,NA,NA,NA,NA,NA,NA,"sun_algo2_not_implemented",4.79760115923433e-05,0.0565692209741176
1,0.01,2,"sun",10000,0.0080224606044097,0.540492490663278,99.9537761506777,100.000000000001,-0.653703946180187,51.2432793666431,49.9999999999054,0.0248655873348002,NA,1.77635683940025e-15,0.0565685424949238
1.5,0.01,2,"sun",10000,0.00866059317698038,0.441256536766323,100.205064533526,100.250631374802,-0.645225646420402,49.5486309006048,49.8740464337989,0.00652474696686266,NA,-7.73329894969699e-05,0.0565685424949238
3,0.01,2,"sun",10000,0.00959073187015931,0.316489213696308,100.934383820986,100.995024875621,-0.861849670353196,49.3588629373928,49.5074379348025,0.00300106415535655,NA,-0.000290963853785797,0.0565685424949238
10,0.01,2,"sun",10000,0.00964961477359212,0.309483097197848,104.270582679722,104.33240290305,-0.892391075264852,47.7095572982104,47.9899947806116,0.00584366561578648,NA,-0.00100553305973428,0.0565685424949238
100,0.01,2,"sun",10000,0.00860016727900649,0.450231336313368,136.320509899068,136.374510849561,-0.859828060908643,39.4631838292713,39.4438754991425,0.000489514021746799,NA,-0.00156193371228008,0.0565685424949238
0.05,1,2,"sun",10000,NA,NA,NA,NA,NA,NA,NA,NA,"sun_algo2_not_implemented",7.75582669228143,0.124937275092945
0.3,1,2,"sun",10000,NA,NA,NA,NA,NA,NA,NA,NA,"sun_algo2_not_implemented",0.205246278783838,0.059400286582256
0.7,1,2,"sun",10000,NA,NA,NA,NA,NA,NA,NA,NA,"sun_algo2_not_implemented",-0.183227584820074,0.0565685424949238
1,1,2,"sun",10000,0.00720376743112672,0.677100954357218,1.11253134101424,1.11263562131433,-0.0170362266785888,0.37356932688946,0.374677595496807,0.00295792601603953,NA,-0.179719642399015,0.0565685424949238
1.5,1,2,"sun",10000,0.00532116820857455,0.939629320962479,1.29838740723575,1.30021177402245,-0.304204345061178,0.359413280937845,0.359661116715845,0.00068908137822354,NA,-0.14128361409185,0.0565685424949238
3,1,2,"sun",10000,0.00917628267419466,0.368860688211856,1.68968556541156,1.68994855788161,-0.045504620700801,0.341807441487825,0.334022429595486,0.0233068536797562,NA,-0.0734806951007076,0.0565685424949238
10,1,2,"sun",10000,0.00725701715011372,0.668132676047467,2.72208538882961,2.7248504189216,-0.504788950331311,0.306419227515772,0.300040613424373,0.0212591689458299,NA,-0.0181875077864895,0.0565685424949238
100,1,2,"sun",10000,0.0073383759425857,0.654413918070263,7.56548974053265,7.56986152085235,-0.845970994503166,0.271109755053766,0.267058075971356,0.0151715280194134,NA,-0.000861736714076411,0.0565685424949238
0.05,100,2,"sun",10000,NA,NA,NA,NA,NA,NA,NA,NA,"sun_algo2_not_implemented",34.5034980170506,0.241672499112499
0.3,100,2,"sun",10000,NA,NA,NA,NA,NA,NA,NA,NA,"sun_algo2_not_implemented",4.4276456998615,0.101411208057978
0.7,100,2,"sun",10000,NA,NA,NA,NA,NA,NA,NA,NA,"sun_algo2_not_implemented",1.31052161895562,0.0727793555229022
1,100,2,"sun",10000,0.00856594735093463,0.455356765806821,0.0605859961204821,0.0602107346996983,0.844025024813901,0.00200485546384059,0.00197677477391953,0.0142053056784916,NA,0.71969314803899,0.0659659687783207
1.5,100,2,"sun",10000,0.00815802629389662,0.518658891223473,0.0776023200364785,0.0781663467884798,-1.21032280852174,0.00213137165635299,0.00217168569762792,0.01856347873864,NA,0.338369268710976,0.0611669095993705
3,100,2,"sun",10000,0.00720022080317084,0.677697811732681,0.117896959071552,0.117478723577074,0.85846562151556,0.00237951736444404,0.00237353674247222,0.0025197090336945,NA,0.0788644631509969,0.0576730711948098
10,100,2,"sun",10000,0.00748657117954139,0.629428140471044,0.222957601873498,0.223021233941534,-0.127474859175979,0.00252558320715174,0.00249174155061081,0.0135815275595616,NA,0.00460603866652409,0.0566336442573356
100,100,2,"sun",10000,0.00866782778574183,0.440188579646282,0.709750997270118,0.71034641093111,-1.18811188567132,0.00255177924225917,0.00251144058660224,0.0160619589697334,NA,-3.21645032372864e-05,0.0565685424949238
0.05,0.01,10,"sun",10000,NA,NA,NA,NA,NA,NA,NA,NA,"sun_algo2_not_implemented",2.288052045607e-07,0.0565685457307179
0.3,0.01,10,"sun",10000,NA,NA,NA,NA,NA,NA,NA,NA,"sun_algo2_not_implemented",1.68525727595181e-07,0.0565685448782374
0.7,0.01,10,"sun",10000,NA,NA,NA,NA,NA,NA,NA,NA,"sun_algo2_not_implemented",7.21790023305857e-08,0.056568543515689
1,0.01,10,"sun",10000,0.00802246060441081,0.540492490663097,499.953776150678,499.999999999956,-0.653703945406028,51.2432793666431,50.0000000218279,0.0248655868854487,NA,1.77635683940025e-15,0.0565685424949238
1.5,0.01,10,"sun",10000,0.00835003570496585,0.488378914352312,500.005676935044,500.050005000364,-0.626924863004823,49.6780187899734,49.9949993177725,0.0063402446669577,NA,-1.2014420169848e-07,0.0565685424949238
3,0.01,10,"sun",10000,0.00845912437927755,0.471550529439037,500.153210629088,500.199960010026,-0.661268279798472,49.6344498631248,49.9800109814969,0.00691398644350134,NA,-4.79423904131693e-07,0.0565685424949238
10,0.01,10,"sun",10000,0.00860135649090627,0.450053770485264,500.84963034385,500.898564308311,-0.69265146168219,49.6210601216218,49.9104280285537,0.00579774444663941,NA,-2.13343664690058e-06,0.0565685424949238
100,0.01,10,"sun",10000,0.00901917109616597,0.390092430219101,509.660295479503,509.713178972603,-0.754980442902555,48.9378727226813,49.0646679445053,0.0025842470179857,NA,-2.04289730074692e-05,0.0565685424949238
0.05,1,10,"sun",10000,NA,NA,NA,NA,NA,NA,NA,NA,"sun_algo2_not_implemented",0.00349646241317636,0.0566179683480526
0.3,1,10,"sun",10000,NA,NA,NA,NA,NA,NA,NA,NA,"sun_algo2_not_implemented",0.00243860303031873,0.0566030190435856
0.7,1,10,"sun",10000,NA,NA,NA,NA,NA,NA,NA,NA,"sun_algo2_not_implemented",0.000960842350544944,0.0565821292261158
1,1,10,"sun",10000,0.00802246060427136,0.540492490685731,4.99537761506777,5.00000000000394,-0.653703946736502,0.512432793666432,0.4999999999803,0.024865587373244,NA,-1.84132709080131e-09,0.0565685424949238
1.5,1,10,"sun",10000,0.0096926170302541,0.304435194993347,5.04428686024329,5.05052176836428,-0.886335665531966,0.493843977201626,0.494838709099955,0.00201021439923054,NA,-0.00136906285979599,0.0565685424949238
3,1,10,"sun",10000,0.00957553161353498,0.31831544458449,5.18997083753235,5.19607843137252,-0.880490952129738,0.48027740097164,0.481161091887905,0.00183658016236872,NA,-0.00421579602075139,0.0565685424949238
10,1,10,"sun",10000,0.00878923873160765,0.422480464102339,5.78512433079173,5.78803791496604,-0.439836188913696,0.434557680916342,0.438806669745745,0.00968305434341879,NA,-0.00773336709118455,0.0565685424949238
100,1,10,"sun",10000,0.00670089199958014,0.760274359882262,9.97118547784214,9.97776150233758,-1.13942893648855,0.333879622107552,0.333082914158069,0.00239192079694897,NA,-0.00223182394583077,0.0565685424949238
0.05,100,10,"sun",10000,NA,NA,NA,NA,NA,NA,NA,NA,"sun_algo2_not_implemented",20.9199354291653,0.191499077508651
0.3,100,10,"sun",10000,NA,NA,NA,NA,NA,NA,NA,NA,"sun_algo2_not_implemented",2.22111192702727,0.0821813791758427
0.7,100,10,"sun",10000,NA,NA,NA,NA,NA,NA,NA,NA,"sun_algo2_not_implemented",0.478650269708282,0.0629749190673021
1,100,10,"sun",10000,0.0121729038477538,0.10325204474679,0.0784424099110894,0.0788978181372631,-0.873201367796473,0.00276163173248776,0.00272002520004251,0.0152963775646642,NA,0.200768600123448,0.0593399507936897
1.5,100,10,"sun",10000,0.00512791948248904,0.955168550119794,0.0979557572520089,0.0979939813326405,-0.0722770192371382,0.00282282618025305,0.00279687868921013,0.00927730299602368,NA,0.0514479863589599,0.0572915070335415
3,100,10,"sun",10000,0.00678006899181693,0.747466257440443,0.138501638946022,0.138204338050369,0.560867435973529,0.0027864544332225,0.00280977784657773,0.0083008033477245,NA,-0.0143791750821167,0.0565685424949238
10,100,10,"sun",10000,0.00639011993528766,0.80881518943076,0.243800941150422,0.243870937439867,-0.134199110117601,0.00274842552525701,0.00272051274419384,0.0102601177380027,NA,-0.008213047919293,0.0565685424949238
100,100,10,"sun",10000,0.00767029581250152,0.598588934473618,0.730292283939968,0.7307214091554,-0.844464318927614,0.00261459668173256,0.00258229265971666,0.0125098221901174,NA,-0.000429706559888832,0.0565685424949238
0.05,0.01,100,"sun",10000,NA,NA,NA,NA,NA,NA,NA,NA,"sun_algo2_not_implemented",2.27995400337022e-11,0.0565685424952462
0.3,0.01,100,"sun",10000,NA,NA,NA,NA,NA,NA,NA,NA,"sun_algo2_not_implemented",1.67990066302082e-11,0.0565685424951614
0.7,0.01,100,"sun",10000,NA,NA,NA,NA,NA,NA,NA,NA,"sun_algo2_not_implemented",7.20046244850892e-12,0.0565685424950256
1,0.01,100,"sun",10000,0.00802246060442557,0.540492490660701,4999.95377615068,5000,-0.65370394616128,51.2432793666432,50,0.0248655873328642,NA,1.77635683940025e-15,0.0565685424949238
1.5,0.01,100,"sun",10000,0.00834703199215054,0.488846277364451,4999.96068192904,5000.005000005,-0.626752554130595,49.6780187899734,49.9999499991536,0.00643863062234403,NA,-1.19997345393585e-11,0.0565685424949238
3,0.01,100,"sun",10000,0.00834711159510488,0.488833888829817,4999.97568185404,5000.01999996,-0.626753918515478,49.6780187899734,49.9998000003397,0.00643564994988314,NA,-4.80002704250637e-11,0.0565685424949238
10,0.01,100,"sun",10000,0.00834748717789769,0.488775439210262,5000.0456803141,5000.08999856004,-0.62676028528349,49.6780187899734,49.9991000443697,0.0064217406735596,NA,-2.15975237694011e-10,0.0565685424949238
100,0.01,100,"sun",10000,0.00845233670199398,0.472589203621005,5000.94449636105,5000.98980603564,-0.640838972054963,49.6711294786858,49.9901058152318,0.00638078938510217,NA,-2.37228858779304e-09,0.0565685424949238
0.05,1,100,"sun",10000,NA,NA,NA,NA,NA,NA,NA,NA,"sun_algo2_not_implemented",2.28805204116611e-07,0.0565685457307179
0.3,1,100,"sun",10000,NA,NA,NA,NA,NA,NA,NA,NA,"sun_algo2_not_implemented",1.68525727595181e-07,0.0565685448782374
0.7,1,100,"sun",10000,NA,NA,NA,NA,NA,NA,NA,NA,"sun_algo2_not_implemented",7.21790054392102e-08,0.0565685435156891
1,1,100,"sun",10000,0.00802246060440914,0.540492490663368,49.9953776150678,50.0000000000018,-0.653703946478091,0.512432793666432,0.499999999910415,0.0248655875164901,NA,4.44089209850063e-16,0.0565685424949238
1.5,1,100,"sun",10000,0.00835003570496585,0.488378914352312,50.0005676935044,50.0050005000426,-0.62692486406996,0.49678018789973,0.49994999286946,0.00634024405428407,NA,-1.20144203918926e-07,0.0565685424949238
3,1,100,"sun",10000,0.00845912437927755,0.471550529439037,50.0153210629088,50.0199960010087,-0.661268280873086,0.496344498631249,0.49980010950685,0.00691398583127807,NA,-4.79423903243514e-07,0.0565685424949238
10,1,100,"sun",10000,0.00860135649090627,0.450053770485264,50.084963034385,50.0898564308372,-0.692651462772831,0.496210601216217,0.499104279975654,0.00579774382936213,NA,-2.13343664468013e-06,0.0565685424949238
100,1,100,"sun",10000,0.00901917109616597,0.390092430219101,50.9660295479503,50.9713178972666,-0.75498044404954,0.489378727226812,0.490646679118981,0.00258424635512902,NA,-2.04289730043605e-05,0.0565685424949238
0.05,100,100,"sun",10000,NA,NA,NA,NA,NA,NA,NA,NA,"sun_algo2_not_implemented",0.00349640503421211,0.0566179675372998
0.3,100,100,"sun",10000,NA,NA,NA,NA,NA,NA,NA,NA,"sun_algo2_not_implemented",0.00243862328782463,0.0566030193298955
0.7,100,100,"sun",10000,NA,NA,NA,NA,NA,NA,NA,NA,"sun_algo2_not_implemented",0.0009608423505445,0.0565821292261158
1,100,100,"sun",10000,0.00802246060427148,0.540492490685713,0.499537761506777,0.500000000000393,-0.653703946735653,0.00512432793666431,0.00499999999980327,0.0248655873731863,NA,-1.84132797897973e-09,0.0565685424949238
1.5,100,100,"sun",10000,0.0096926170302541,0.304435194993347,0.504428686024329,0.505052176836427,-0.886335665531117,0.00493843977201624,0.00494838709099987,0.00201021439929818,NA,-0.00136906285989591,0.0565685424949238
3,100,100,"sun",10000,0.00957553161353498,0.31831544458449,0.518997083753235,0.519607843137251,-0.880490952129041,0.00480277400971637,0.00481161091887933,0.00183658016243162,NA,-0.00421579602075095,0.0565685424949238
10,100,100,"sun",10000,0.00878923873161076,0.422480464101891,0.578512433079173,0.578803791496606,-0.439836188916056,0.00434557680916341,0.0043880666974565,0.00968305434320876,NA,-0.007733367091185,0.0565685424949238
100,100,100,"sun",10000,0.00670089199958014,0.760274359882262,0.997118547784214,0.997776150233767,-1.13942893650746,0.00333879622107551,0.00333082914156646,0.00239192080122789,NA,-0.00223182394583032,0.0565685424949238
0.05,0.01,1000,"sun",10000,NA,NA,NA,NA,NA,NA,NA,NA,"sun_algo2_not_implemented",2.22044604925031e-15,0.0565685424949238
0.3,0.01,1000,"sun",10000,NA,NA,NA,NA,NA,NA,NA,NA,"sun_algo2_not_implemented",2.22044604925031e-15,0.0565685424949238
0.7,0.01,1000,"sun",10000,NA,NA,NA,NA,NA,NA,NA,NA,"sun_algo2_not_implemented",1.33226762955019e-15,0.0565685424949238
1,0.01,1000,"sun",10000,0.00802246060435796,0.540492490671675,49999.9537761507,50000,-0.653703946135556,51.2432793666434,50,0.0248655873328673,NA,1.77635683940025e-15,0.0565685424949238
1.5,0.01,1000,"sun",10000,0.00834700349104035,0.488850713001817,49999.956181934,50000.0005,-0.626752102433421,49.6780187899735,49.9999995231628,0.0064396147252005,NA,-2.22044604925031e-15,0.0565685424949238
3,0.01,1000,"sun",10000,0.00834700349104035,0.488850713001817,49999.957681934,50000.002,-0.626752111810772,49.6780187899735,49.9999980926514,0.00643958629920878,NA,-5.77315972805081e-15,0.0565685424949238
10,0.01,1000,"sun",10000,0.00834700681811941,0.488850195206412,49999.9646819324,50000.0089999986,-0.626752158697535,49.6780187899735,49.999990940094,0.00643944416922578,NA,-2.22044604925031e-14,0.0565685424949238
100,0.01,1000,"sun",10000,0.00834705506076329,0.488842687202304,50000.054681738,50000.098999806,-0.626752748957106,49.6780187899735,49.9999008178711,0.00643765332795584,NA,-2.37587727269783e-13,0.0565685424949238
0.05,1,1000,"sun",10000,NA,NA,NA,NA,NA,NA,NA,NA,"sun_algo2_not_implemented",2.28026486581712e-11,0.0565685424952463
0.3,1,1000,"sun",10000,NA,NA,NA,NA,NA,NA,NA,NA,"sun_algo2_not_implemented",1.68016711654673e-11,0.0565685424951614
0.7,1,1000,"sun",10000,NA,NA,NA,NA,NA,NA,NA,NA,"sun_algo2_not_implemented",7.20135062692862e-12,0.0565685424950256
1,1,1000,"sun",10000,0.00802246060441714,0.54049249066207,499.995377615068,500,-0.653703946169319,0.512432793666433,0.5,0.0248655873328654,NA,4.44089209850063e-16,0.0565685424949238
1.5,1,1000,"sun",10000,0.00834703199215054,0.488846277364451,499.996068192904,500.0005000005,-0.62675255410622,0.496780187899731,0.499999500025297,0.00643863068943523,NA,-1.19997345393585e-11,0.0565685424949238
3,1,1000,"sun",10000,0.00834711159510488,0.488833888829817,499.997568185404,500.001999996,-0.626753918505696,0.496780187899731,0.499998000013875,0.0064356499707081,NA,-4.7999382246644e-11,0.0565685424949238
10,1,1000,"sun",10000,0.00834748716490126,0.48877544123276,500.00456803141,500.008999856004,-0.626760285299259,0.496780187899731,0.499991000426235,0.00642174063886364,NA,-2.15973461337171e-10,0.0565685424949238
100,1,1000,"sun",10000,0.00845233668899776,0.47258920561082,500.094449636105,500.098980603564,-0.640838972029876,0.496711294786858,0.499901058181422,0.00638078944295135,NA,-2.37228814370383e-09,0.0565685424949238
0.05,100,1000,"sun",10000,NA,NA,NA,NA,NA,NA,NA,NA,"sun_algo2_not_implemented",2.28805203228433e-07,0.0565685457307179
0.3,100,1000,"sun",10000,NA,NA,NA,NA,NA,NA,NA,NA,"sun_algo2_not_implemented",1.68525724042468e-07,0.0565685448782374
0.7,100,1000,"sun",10000,NA,NA,NA,NA,NA,NA,NA,NA,"sun_algo2_not_implemented",7.21790036628533e-08,0.056568543515689
1,100,1000,"sun",10000,0.00802246060440914,0.540492490663368,4.99953776150678,5.0000000000008,-0.653703947551421,0.00512432793666431,0.00499999999601997,0.0248655881486624,NA,-8.88178419700125e-16,0.0565685424949238
1.5,100,1000,"sun",10000,0.00835003570496585,0.488378914352312,5.00005676935044,5.00050005000488,-0.626924865134869,0.0049678018789973,0.00499949992561,0.00634024344121305,NA,-1.20144200810302e-07,0.0565685424949238
3,100,1000,"sun",10000,0.00845912437927755,0.471550529439037,5.00153210629088,5.00199960010149,-0.661268281949033,0.00496344498631246,0.00499800109198389,0.00691398521838172,NA,-4.79423903687604e-07,0.0565685424949238
10,100,1000,"sun",10000,0.00860135649090627,0.450053770485264,5.0084963034385,5.00898564308434,-0.692651463859886,0.00496210601216216,0.00499104279666085,0.0057977432127111,NA,-2.13343664645649e-06,0.0565685424949238
100,100,1000,"sun",10000,0.00901917109616597,0.390092430219101,5.09660295479503,5.09713178972729,-0.754980445197646,0.00489378727226811,0.00490646678792572,0.00258424569158668,NA,-2.04289730048046e-05,0.0565685424949238
0.05,0.01,10000,"sun",10000,NA,NA,NA,NA,NA,NA,NA,NA,"sun_algo2_not_implemented",-2.22044604925031e-15,0.0565685424949238
0.3,0.01,10000,"sun",10000,NA,NA,NA,NA,NA,NA,NA,NA,"sun_algo2_not_implemented",4.44089209850063e-16,0.0565685424949238
0.7,0.01,10000,"sun",10000,NA,NA,NA,NA,NA,NA,NA,NA,"sun_algo2_not_implemented",-2.22044604925031e-15,0.0565685424949238
1,0.01,10000,"sun",10000,0.00802246060435796,0.540492490671675,499999.953776151,5e+05,-0.653703946547146,51.2432793666396,50,0.0248655873327921,NA,1.77635683940025e-15,0.0565685424949238
1.5,0.01,10000,"sun",10000,0.00834699184626337,0.488852525287803,499999.955731934,500000.00005,-0.626752099681967,49.678018789971,49.999999995,0.00643962410122306,NA,-4.44089209850063e-16,0.0565685424949238
3,0.01,10000,"sun",10000,0.00834720477927998,0.488819386849246,499999.955881934,500000.0002,-0.62675209977598,49.678018789971,49.99999998,0.00643962380315485,NA,0,0.0565685424949238
10,0.01,10000,"sun",10000,0.00834699184626337,0.488852525287803,499999.956581934,500000.0009,-0.626752100214706,49.678018789971,49.99999991,0.00643962241217049,NA,-8.88178419700125e-16,0.0565685424949238
100,0.01,10000,"sun",10000,0.00834699184626337,0.488852525287803,499999.965581934,500000.0099,-0.626752105855475,49.678018789971,49.9999990100001,0.0064396045280844,NA,0,0.0565685424949238
0.05,1,10000,"sun",10000,NA,NA,NA,NA,NA,NA,NA,NA,"sun_algo2_not_implemented",1.77635683940025e-15,0.0565685424949238
0.3,1,10000,"sun",10000,NA,NA,NA,NA,NA,NA,NA,NA,"sun_algo2_not_implemented",3.10862446895044e-15,0.0565685424949238
0.7,1,10000,"sun",10000,NA,NA,NA,NA,NA,NA,NA,NA,"sun_algo2_not_implemented",2.66453525910038e-15,0.0565685424949238
1,1,10000,"sun",10000,0.00802246060429046,0.540492490682631,4999.99537761507,5000,-0.65370394616128,0.512432793666435,0.5,0.0248655873328698,NA,4.44089209850063e-16,0.0565685424949238
1.5,1,10000,"sun",10000,0.00834700349104035,0.488850713001817,4999.9956181934,5000.00005,-0.626752101805392,0.496780187899731,0.49999999627471,0.0064396167979363,NA,-1.77635683940025e-15,0.0565685424949238
3,1,10000,"sun",10000,0.00834700349104035,0.488850713001817,4999.9957681934,5000.0002,-0.626752113865426,0.496780187899731,0.499999977648258,0.00643957978492608,NA,-4.88498130835069e-15,0.0565685424949238
10,1,10000,"sun",10000,0.00834700681811941,0.488850195206412,4999.99646819324,5000.00089999986,-0.626752160285222,0.496780187899731,0.499999906867743,0.00643943913546209,NA,-2.17603712826531e-14,0.0565685424949238
100,1,10000,"sun",10000,0.00834705672430259,0.488842428306597,5000.0054681738,5000.0098999806,-0.626752748448193,0.496780187899731,0.499999009072781,0.00643765510459457,NA,-2.37143638059933e-13,0.0565685424949238
0.05,100,10000,"sun",10000,NA,NA,NA,NA,NA,NA,NA,NA,"sun_algo2_not_implemented",2.28022045689613e-11,0.0565685424952463
0.3,100,10000,"sun",10000,NA,NA,NA,NA,NA,NA,NA,NA,"sun_algo2_not_implemented",1.68007829870476e-11,0.0565685424951614
0.7,100,10000,"sun",10000,NA,NA,NA,NA,NA,NA,NA,NA,"sun_algo2_not_implemented",7.20135062692862e-12,0.0565685424950256
1,100,10000,"sun",10000,0.00802246060442235,0.540492490661223,49.9995377615068,50,-0.653703946156156,0.0051243279366643,0.00500000000010914,0.0248655873104893,NA,-8.88178419700125e-16,0.0565685424949238
1.5,100,10000,"sun",10000,0.00834703199215054,0.488846277364451,49.9996068192904,50.00005000005,-0.626752554148461,0.00496780187899731,0.00499999499970727,0.00643863058100024,NA,-1.20001786285684e-11,0.0565685424949238
3,100,10000,"sun",10000,0.00834711159510488,0.488833888829817,49.9997568185405,50.0001999996,-0.626753918522797,0.00496780187899731,0.0049999799998659,0.00643564991649118,NA,-4.7999382246644e-11,0.0565685424949238
10,100,10000,"sun",10000,0.00834748716490126,0.48877544123276,50.000456803141,50.0008999856004,-0.626760285271897,0.00496780187899731,0.0049999100046989,0.00642174072561778,NA,-2.15973905426381e-10,0.0565685424949238
100,100,10000,"sun",10000,0.00845233668899776,0.47258920561082,50.0094449636105,50.0098980603564,-0.64083897203454,0.00496711294786858,0.00499901058174146,0.00638078942848939,NA,-2.37228947597146e-09,0.0565685424949238
