"alpha","z","gamma","n","rtdr_only","n_rep","rt_ymin","rt_lower","rt_middle","rt_upper","rt_ymax","ymin","lower","middle","upper","ymax","frac_rtdr_faster","sun_us_middle","n_out"
0.01,-10000,-10000,1,FALSE,1000,5.6441068649292,5.7265043258667,5.7466983795166,5.79894781112671,5.90658187866211,-0.201618239377637,-0.181917914553912,-0.175879678664446,-0.168761916521286,-0.150265061887663,0.019,5.08691072463989,235
0.01,-10000,-10000,5,FALSE,1000,1.16360187530518,1.19589567184448,1.23350620269775,1.24369859695435,1.31511688232422,-0.380475286255827,-0.212639952045537,-0.153024316165078,-0.10030276633427,0.0545578711497121,0.026,1.10964775085449,23
0.01,-10000,-10000,10,FALSE,1000,0.624895095825195,0.641202926635742,0.646305084228516,0.685954093933105,0.742101669311523,-0.506122592790714,-0.235440563058271,-0.140219609722479,-0.0450436578843853,0.162019803356966,0.036,0.585353374481201,12
0.01,-10000,-10000,25,FALSE,1000,0.306892395019531,0.311791896820068,0.314092636108398,0.318384170532227,0.32811164855957,-0.146591380070767,-0.106553258081716,-0.0933108087031165,-0.0795235058585471,-0.052175779224843,0.123,0.29449462890625,281
0.01,-10000,-10000,50,FALSE,1000,0.196480751037598,0.200104713439941,0.201416015625,0.203299522399902,0.208091735839844,-0.0852835825682789,-0.0585717059393236,-0.0491281472340071,-0.0406273252560936,-0.0146039040044891,0.066,0.194692611694336,157
0.01,-10000,-10000,100,FALSE,1000,0.142502784729004,0.144410133361816,0.145196914672852,0.146389007568359,0.149297714233398,-0.0352063780145741,-0.0111644048178266,-0.00214014503935645,0.00598306941461588,0.029858846311527,0.408,0.14500617980957,107
0.01,-10000,-10000,1000,FALSE,1000,0.0931978225708008,0.094294548034668,0.0950098037719727,0.0958919525146484,0.0982046127319336,0.0289790669717658,0.0660677376301503,0.0788670742857248,0.0910962202261227,0.127394557570344,0.98,0.100302696228027,50
0.01,-10000,-10000,10000,FALSE,1000,0.0880002975463867,0.0885009765625,0.0890493392944336,0.089716911315918,0.0915050506591797,0.0512385081445961,0.0826213674515512,0.0935090234166733,0.103722570250395,0.133671662158908,0.999,0.0949859619140625,36
0.01,-100,-100,1,FALSE,1000,5.66189289093018,5.74414730072021,5.76574802398682,5.8342456817627,5.96909523010254,-0.212280059808264,-0.187047098165927,-0.17968960191342,-0.169832412595181,-0.1444492907424,0.026,5.09040355682373,249
0.01,-100,-100,5,FALSE,1000,1.16958618164062,1.19974613189697,1.23741626739502,1.24620199203491,1.31468772888184,-0.367951902931866,-0.216565668540391,-0.15740565652494,-0.105238559444812,0.0435780403837834,0.012,1.10814571380615,12
0.01,-100,-100,10,FALSE,1000,0.629305839538574,0.642001628875732,0.647115707397461,0.685358047485352,0.748205184936523,-0.489292247183603,-0.228256752330629,-0.142585521031479,-0.042343727907214,0.233119830479524,0.035,0.585412979125977,10
0.01,-100,-100,25,FALSE,1000,0.307202339172363,0.312554836273193,0.314903259277344,0.319457054138184,0.329709053039551,-0.149117386959665,-0.109306652407951,-0.0968631511206334,-0.0825418653395132,-0.0435105190004992,0.13,0.294709205627441,281
0.01,-100,-100,50,FALSE,1000,0.197696685791016,0.200390815734863,0.201594829559326,0.203299522399902,0.20749568939209,-0.0916112205151336,-0.0616255004190532,-0.0513824798354984,-0.0414581330866748,-0.011534047203757,0.077,0.194597244262695,160
0.01,-100,-100,100,FALSE,1000,0.142002105712891,0.144481658935547,0.145292282104492,0.146293640136719,0.148987770080566,-0.0387339513188659,-0.0115452898216669,-0.00191832413864698,0.00686491748860182,0.0341964044348171,0.426,0.14498233795166,101
0.01,-100,-100,1000,FALSE,1000,0.0928163528442383,0.0940084457397461,0.0946998596191406,0.0956058502197266,0.0979900360107422,0.0365614801030735,0.0713475052989499,0.0837786996174712,0.0958610571084948,0.131561375833006,0.991,0.100302696228027,42
0.01,-100,-100,10000,FALSE,1000,0.0876903533935547,0.0883817672729492,0.0889062881469727,0.0895977020263672,0.0914096832275391,0.0552627996504848,0.0864372691232679,0.0976107966264223,0.107431315094197,0.13856654359974,0.996,0.0950098037719727,42
0.01,-10,-10,1,FALSE,1000,5.78129291534424,5.88178634643555,5.90211153030396,5.95860481262207,6.07290267944336,-0.238254882714616,-0.218648409695221,-0.212906075880224,-0.205360906611012,-0.185658603389712,0.021,5.09049892425537,256
0.01,-10,-10,5,FALSE,1000,1.19919776916504,1.2287974357605,1.26534700393677,1.27434730529785,1.34110450744629,-0.410058237586011,-0.248215267009166,-0.190008882659566,-0.138632977008002,0.0185611163973619,0.009,1.10931396484375,18
0.01,-10,-10,10,FALSE,1000,0.640606880187988,0.655412673950195,0.660896301269531,0.699949264526367,0.761103630065918,-0.525886362863689,-0.258997417671654,-0.174260823781728,-0.0739065657697914,0.200518547257728,0.009,0.585603713989258,8
0.01,-10,-10,25,FALSE,1000,0.312089920043945,0.317716598510742,0.320196151733398,0.324249267578125,0.333905220031738,-0.170577153702174,-0.133016184837572,-0.120843933987659,-0.106041314057137,-0.0682849997166708,0.117,0.294601917266846,269
0.01,-10,-10,50,FALSE,1000,0.200200080871582,0.203204154968262,0.20439624786377,0.206243991851807,0.210714340209961,-0.108221401417137,-0.0800907882452045,-0.0701235411595031,-0.0610352153647266,-0.0337899203707519,0.062,0.194716453552246,167
0.01,-10,-10,100,FALSE,1000,0.143790245056152,0.145888328552246,0.146794319152832,0.148105621337891,0.151395797729492,-0.0536759797825492,-0.0266252753241926,-0.0169128410032286,-0.00801305265210491,0.01697174745556,0.13,0.145041942596436,115
0.01,-10,-10,1000,FALSE,1000,0.0931024551391602,0.0941991806030273,0.0948905944824219,0.0957965850830078,0.0980854034423828,0.0309073942659718,0.0681325890625386,0.0818315826749624,0.093224185939086,0.128938345594913,0.989,0.100302696228027,39
0.01,-10,-10,10000,FALSE,1000,0.0876903533935547,0.0883102416992188,0.088810920715332,0.0895977020263672,0.0915050506591797,0.0521622715265619,0.085120660234823,0.0969868359172391,0.107207511605695,0.137255841669392,0.995,0.0949859619140625,24
0.01,-2,-2,1,FALSE,1000,5.91931343078613,5.99575042724609,6.01600408554077,6.050705909729,6.13219738006592,-0.252414044120357,-0.229713961550914,-0.222127720149867,-0.214345503202201,-0.191354287429414,0.024,5.15525341033936,170
0.01,-2,-2,5,FALSE,1000,1.22730731964111,1.24855041503906,1.28844976425171,1.29655599594116,1.36570930480957,-0.422480811731291,-0.258626516178967,-0.199673204123794,-0.146351932030109,0.0187577852168852,0.007,1.12190246582031,17
0.01,-2,-2,10,FALSE,1000,0.656509399414062,0.667405128479004,0.672602653503418,0.713849067687988,0.780296325683594,-0.55966079062335,-0.280213684069796,-0.18836374925972,-0.0834480686766694,0.191019231445398,0.009,0.590407848358154,6
0.01,-2,-2,25,FALSE,1000,0.318312644958496,0.32351016998291,0.325703620910645,0.329089164733887,0.337409973144531,-0.184705041936527,-0.146505634408455,-0.132123850081346,-0.115974211773027,-0.0765803665478423,0.127,0.297403335571289,258
0.01,-2,-2,50,FALSE,1000,0.202703475952148,0.205779075622559,0.207090377807617,0.208711624145508,0.213098526000977,-0.123396880716174,-0.0882151575650737,-0.0774774949225438,-0.0643210721314715,-0.0318124495199359,0.073,0.196290016174316,144
0.01,-2,-2,100,FALSE,1000,0.145292282104492,0.147199630737305,0.147902965545654,0.148987770080566,0.151610374450684,-0.0584204415371422,-0.0299574841294565,-0.0197826142992809,-0.0106694985880272,0.0174846380420511,0.114,0.145888328552246,111
0.01,-2,-2,1000,FALSE,1000,0.0931978225708008,0.0941038131713867,0.0946998596191406,0.0954151153564453,0.0972986221313477,0.0425789963237708,0.0734668466647354,0.0844667987550444,0.0944749464157112,0.125073333939816,0.989,0.100398063659668,61
0.01,-2,-2,10000,FALSE,1000,0.0876903533935547,0.0883817672729492,0.088810920715332,0.0895023345947266,0.091099739074707,0.0605935487496737,0.0920335240276402,0.102730322404379,0.113078322552471,0.14461276240237,1,0.0953912734985352,39
0.01,-0.5,-0.5,1,FALSE,1000,5.9769868850708,6.05496168136597,6.07454776763916,6.10818862915039,6.1863899230957,-0.263961751090111,-0.24321069885233,-0.236479456952933,-0.228578017627985,-0.208597731492002,0.032,5.15539646148682,167
0.01,-0.5,-0.5,5,FALSE,1000,1.23710632324219,1.26464366912842,1.29975080490112,1.3084888458252,1.36990547180176,-0.432573313772768,-0.27105010315289,-0.212095324559901,-0.162411810343003,-0.0137083641572997,0.008,1.12221240997314,14
0.01,-0.5,-0.5,10,FALSE,1000,0.662899017333984,0.672602653503418,0.678086280822754,0.720298290252686,0.785493850708008,-0.567205677415328,-0.288086052901974,-0.197343847176196,-0.0967393996596124,0.190256519800567,0.011,0.590848922729492,13
0.01,-0.5,-0.5,25,FALSE,1000,0.320219993591309,0.325405597686768,0.327396392822266,0.331306457519531,0.340104103088379,-0.19588515417808,-0.150012509099685,-0.135565048284306,-0.119273464665176,-0.0748591953917136,0.118,0.2982497215271,249
0.01,-0.5,-0.5,50,FALSE,1000,0.203514099121094,0.206804275512695,0.207996368408203,0.209903717041016,0.214409828186035,-0.128444437515474,-0.0900885225771126,-0.0781267629799269,-0.0642847098646991,-0.027418187591141,0.077,0.197100639343262,160
0.01,-0.5,-0.5,100,FALSE,1000,0.145602226257324,0.147700309753418,0.148415565490723,0.14951229095459,0.152206420898438,-0.0547290762406938,-0.0253151765718199,-0.0147561620182055,-0.00489089160271593,0.0250642138633278,0.174,0.146913528442383,129
0.01,-0.5,-0.5,1000,FALSE,1000,0.09307861328125,0.0940084457397461,0.0945806503295898,0.0953912734985352,0.0973939895629883,0.0548645596983674,0.0872059129826058,0.0986857405798184,0.109376833350803,0.1408369241259,0.992,0.101304054260254,60
0.01,-0.5,-0.5,10000,FALSE,1000,0.0875949859619141,0.0882148742675781,0.0887155532836914,0.0894069671630859,0.0911951065063477,0.0783177087779896,0.107611902813516,0.117329559574124,0.1272970592602,0.156009339746798,1,0.0962018966674805,47
0.01,0.5,0.5,1,TRUE,1000,5.62171936035156,5.72404861450195,5.74765205383301,5.79465627670288,5.89959621429443,NA,NA,NA,NA,NA,NA,NA,0
0.01,0.5,0.5,5,TRUE,1000,1.16860866546631,1.20000839233398,1.23754739761353,1.24831199645996,1.31959915161133,NA,NA,NA,NA,NA,NA,NA,0
0.01,0.5,0.5,10,TRUE,1000,0.627994537353516,0.644087791442871,0.65000057220459,0.68974494934082,0.757002830505371,NA,NA,NA,NA,NA,NA,NA,0
0.01,0.5,0.5,25,TRUE,1000,0.310397148132324,0.316298007965088,0.318503379821777,0.322604179382324,0.331687927246094,NA,NA,NA,NA,NA,NA,NA,0
0.01,0.5,0.5,50,TRUE,1000,0.200581550598145,0.20439624786377,0.205516815185547,0.207304954528809,0.211620330810547,NA,NA,NA,NA,NA,NA,NA,0
0.01,0.5,0.5,100,TRUE,1000,0.145912170410156,0.148391723632812,0.149202346801758,0.150299072265625,0.153112411499023,NA,NA,NA,NA,NA,NA,NA,0
0.01,0.5,0.5,1000,TRUE,1000,0.0964164733886719,0.0979900360107422,0.0987052917480469,0.0997781753540039,0.102400779724121,NA,NA,NA,NA,NA,NA,NA,0
0.01,0.5,0.5,10000,TRUE,1000,0.0911951065063477,0.0921010971069336,0.0926971435546875,0.093388557434082,0.0953197479248047,NA,NA,NA,NA,NA,NA,NA,0
0.01,2,2,1,TRUE,1000,5.63328266143799,5.74421882629395,5.76719045639038,5.8305025100708,5.95710277557373,NA,NA,NA,NA,NA,NA,NA,0
0.01,2,2,5,TRUE,1000,1.24890804290771,1.28169059753418,1.31828784942627,1.32770538330078,1.39651298522949,NA,NA,NA,NA,NA,NA,NA,0
0.01,2,2,10,TRUE,1000,0.716686248779297,0.733399391174316,0.74000358581543,0.7781982421875,0.841879844665527,NA,NA,NA,NA,NA,NA,NA,0
0.01,2,2,25,TRUE,1000,0.402092933654785,0.408899784088135,0.411510467529297,0.415492057800293,0.425195693969727,NA,NA,NA,NA,NA,NA,NA,0
0.01,2,2,50,TRUE,1000,0.29299259185791,0.298190116882324,0.300383567810059,0.303411483764648,0.31120777130127,NA,NA,NA,NA,NA,NA,NA,0
0.01,2,2,100,TRUE,1000,0.238204002380371,0.243282318115234,0.244998931884766,0.2471923828125,0.252890586853027,NA,NA,NA,NA,NA,NA,NA,0
0.01,2,2,1000,TRUE,1000,0.189900398254395,0.193905830383301,0.19538402557373,0.197100639343262,0.201892852783203,NA,NA,NA,NA,NA,NA,NA,0
0.01,2,2,10000,TRUE,1000,0.183296203613281,0.187897682189941,0.189399719238281,0.191211700439453,0.196099281311035,NA,NA,NA,NA,NA,NA,NA,0
0.01,10,10,1,TRUE,1000,5.99989891052246,6.08220100402832,6.1070442199707,6.14001750946045,6.22539520263672,NA,NA,NA,NA,NA,NA,NA,0
0.01,10,10,5,TRUE,1000,1.26910209655762,1.29454135894775,1.33135318756104,1.34220123291016,1.41339302062988,NA,NA,NA,NA,NA,NA,NA,0
0.01,10,10,10,TRUE,1000,0.692510604858398,0.704491138458252,0.709843635559082,0.750601291656494,0.817990303039551,NA,NA,NA,NA,NA,NA,NA,0
0.01,10,10,25,TRUE,1000,0.352001190185547,0.358414649963379,0.361347198486328,0.365209579467773,0.37529468536377,NA,NA,NA,NA,NA,NA,NA,0
0.01,10,10,50,TRUE,1000,0.236392021179199,0.240492820739746,0.242245197296143,0.244510173797607,0.250387191772461,NA,NA,NA,NA,NA,NA,NA,0
0.01,10,10,100,TRUE,1000,0.178790092468262,0.181293487548828,0.182294845581055,0.183510780334473,0.186800956726074,NA,NA,NA,NA,NA,NA,NA,0
0.01,10,10,1000,TRUE,1000,0.12519359588623,0.127696990966797,0.128507614135742,0.129508972167969,0.132203102111816,NA,NA,NA,NA,NA,NA,NA,0
0.01,10,10,10000,TRUE,1000,0.119805335998535,0.121593475341797,0.12209415435791,0.122904777526855,0.124812126159668,NA,NA,NA,NA,NA,NA,NA,0
0.01,100,100,1,TRUE,1000,5.93380928039551,6.04114532470703,6.06653690338135,6.14414215087891,6.29689693450928,NA,NA,NA,NA,NA,NA,NA,0
0.01,100,100,5,TRUE,1000,1.24740600585938,1.28265619277954,1.3181209564209,1.32825374603271,1.39400959014893,NA,NA,NA,NA,NA,NA,NA,0
0.01,100,100,10,TRUE,1000,0.676393508911133,0.693297386169434,0.699090957641602,0.738310813903809,0.800490379333496,NA,NA,NA,NA,NA,NA,NA,0
0.01,100,100,25,TRUE,1000,0.340986251831055,0.346601009368896,0.348901748657227,0.353550910949707,0.363397598266602,NA,NA,NA,NA,NA,NA,NA,0
0.01,100,100,50,TRUE,1000,0.226187705993652,0.229501724243164,0.230896472930908,0.232791900634766,0.237703323364258,NA,NA,NA,NA,NA,NA,NA,0
0.01,100,100,100,TRUE,1000,0.168395042419434,0.170803070068359,0.171804428100586,0.172996520996094,0.176286697387695,NA,NA,NA,NA,NA,NA,NA,0
0.01,100,100,1000,TRUE,1000,0.115108489990234,0.117778778076172,0.118613243103027,0.119650363922119,0.122404098510742,NA,NA,NA,NA,NA,NA,NA,0
0.01,100,100,10000,TRUE,1000,0.10979175567627,0.111699104309082,0.112295150756836,0.113105773925781,0.115203857421875,NA,NA,NA,NA,NA,NA,NA,0
0.01,10000,10000,1,TRUE,1000,6.40740394592285,6.51035308837891,6.53133392333984,6.59865140914917,6.73019886016846,NA,NA,NA,NA,NA,NA,NA,0
0.01,10000,10000,5,TRUE,1000,1.3484001159668,1.37643814086914,1.41180753707886,1.42340660095215,1.49199962615967,NA,NA,NA,NA,NA,NA,NA,0
0.01,10000,10000,10,TRUE,1000,0.725698471069336,0.742495059967041,0.748157501220703,0.787293910980225,0.852799415588379,NA,NA,NA,NA,NA,NA,NA,0
0.01,10000,10000,25,TRUE,1000,0.359702110290527,0.367999076843262,0.370097160339355,0.375103950500488,0.385689735412598,NA,NA,NA,NA,NA,NA,NA,0
0.01,10000,10000,50,TRUE,1000,0.238394737243652,0.241589546203613,0.242900848388672,0.244688987731934,0.249290466308594,NA,NA,NA,NA,NA,NA,NA,0
0.01,10000,10000,100,TRUE,1000,0.175285339355469,0.178110599517822,0.179100036621094,0.180196762084961,0.183320045471191,NA,NA,NA,NA,NA,NA,NA,0
0.01,10000,10000,1000,TRUE,1000,0.118708610534668,0.120902061462402,0.121808052062988,0.122904777526855,0.125885009765625,NA,NA,NA,NA,NA,NA,NA,0
0.01,10000,10000,10000,TRUE,1000,0.112700462341309,0.11439323425293,0.115084648132324,0.115954875946045,0.118279457092285,NA,NA,NA,NA,NA,NA,NA,0
0.3,-10000,-10000,1,FALSE,1000,5.33640384674072,5.41980266571045,5.44009208679199,5.50154447555542,5.62329292297363,-0.120830844976889,-0.0971841205570968,-0.0907623743218276,-0.081243026872465,-0.0576854373841624,0.04,5.10895252227783,252
0.3,-10000,-10000,5,FALSE,1000,1.11730098724365,1.14575624465942,1.18379592895508,1.19295120239258,1.26359462738037,-0.292981019502384,-0.133227237929604,-0.0747352764337665,-0.0192760411053209,0.111690552738557,0.064,1.12400054931641,17
0.3,-10000,-10000,10,FALSE,1000,0.607204437255859,0.622391700744629,0.627708435058594,0.666499137878418,0.726485252380371,-0.436565999327149,-0.155805528302507,-0.0603827639059949,0.0331524666883951,0.165976143065942,0.304,0.599884986877441,9
0.3,-10000,-10000,25,FALSE,1000,0.306892395019531,0.31285285949707,0.315284729003906,0.319004058837891,0.327706336975098,-0.07704284719804,-0.0420226911306425,-0.0284596645922557,-0.0148235429675471,0.0236042527410551,0.161,0.30895471572876,259
0.3,-10000,-10000,50,FALSE,1000,0.203704833984375,0.20759105682373,0.208878517150879,0.21059513092041,0.21510124206543,-0.0351662447242221,-0.0074537864143217,0.0021272659099128,0.0110450831186067,0.0386760553309179,0.56,0.20909309387207,152
0.3,-10000,-10000,100,FALSE,1000,0.152182579040527,0.155019760131836,0.155997276306152,0.156998634338379,0.159907341003418,-0.00451884862827513,0.0225985952871061,0.0315632446138238,0.0408019813159883,0.0669084422582401,0.958,0.159406661987305,93
0.3,-10000,-10000,1000,FALSE,1000,0.105810165405273,0.107693672180176,0.10840892791748,0.109314918518066,0.111722946166992,0.0303167712780662,0.0678660459478552,0.0802710382742023,0.093169207062829,0.128682867729541,0.998,0.114607810974121,39
0.3,-10000,-10000,10000,FALSE,1000,0.100803375244141,0.102400779724121,0.102901458740234,0.103592872619629,0.10530948638916,0.0419323851011796,0.0756594238030235,0.0866057140952032,0.0987063193038154,0.130346487956418,0.996,0.109291076660156,22
0.3,-100,-100,1,FALSE,1000,5.33339977264404,5.41884899139404,5.44185638427734,5.50140142440796,5.62369823455811,-0.122681174873806,-0.0976849398523869,-0.0908746427023901,-0.0809032662418578,-0.055845266404771,0.034,5.10989427566528,232
0.3,-100,-100,5,FALSE,1000,1.11749172210693,1.14560127258301,1.1836051940918,1.19190216064453,1.25670433044434,-0.292483395690102,-0.132312383622231,-0.0729519660713415,-0.0189653474464174,0.144306637971422,0.06,1.12475156784058,15
0.3,-100,-100,10,FALSE,1000,0.609803199768066,0.622248649597168,0.627899169921875,0.667405128479004,0.729107856750488,-0.455817349421179,-0.16020099902367,-0.0627197686995716,0.0385828635212562,0.17403788507915,0.333,0.600242614746094,15
0.3,-100,-100,25,FALSE,1000,0.307703018188477,0.312900543212891,0.315499305725098,0.319552421569824,0.329399108886719,-0.0808374618605282,-0.042834624381697,-0.0302756220551665,-0.0162531381370285,0.0208471224337514,0.166,0.308895111083984,279
0.3,-100,-100,50,FALSE,1000,0.203895568847656,0.20759105682373,0.208806991577148,0.21049976348877,0.214815139770508,-0.0303184421157062,-0.00761405798708727,0.00147842374088,0.0107439661893826,0.0382388042876918,0.538,0.20911693572998,162
0.3,-100,-100,100,FALSE,1000,0.152587890625,0.155091285705566,0.155901908874512,0.156903266906738,0.159597396850586,-0.00429821572479352,0.0224312063438798,0.0321796035601664,0.0408136080827112,0.0680009168704029,0.953,0.159406661987305,97
0.3,-100,-100,1000,FALSE,1000,0.105595588684082,0.107753276824951,0.108480453491211,0.109386444091797,0.111818313598633,0.033117966714243,0.0675978637113854,0.0785710801029847,0.0913264923518452,0.126397625901391,0.995,0.114548206329346,47
0.3,-100,-100,10000,FALSE,1000,0.100493431091309,0.10230541229248,0.102901458740234,0.103616714477539,0.105500221252441,0.0456913067134268,0.0773201757314254,0.0890734822036268,0.100241238893534,0.133306121836049,0.996,0.109386444091797,36
0.3,-10,-10,1,FALSE,1000,5.33878803253174,5.417799949646,5.43535947799683,5.4827094078064,5.5790901184082,-0.118071602717286,-0.0959489695071037,-0.0900618627384561,-0.080483625523171,-0.0573245042118698,0.035,5.10799884796143,242
0.3,-10,-10,5,FALSE,1000,1.11751556396484,1.14860534667969,1.18441581726074,1.19194984436035,1.25291347503662,-0.300156497614269,-0.133205343209201,-0.0760712085768333,-0.0204583446544667,0.137272259271587,0.067,1.12450122833252,20
0.3,-10,-10,10,FALSE,1000,0.610589981079102,0.621891021728516,0.627148151397705,0.666546821594238,0.733399391174316,-0.44219054833124,-0.15448466331153,-0.0598025961967449,0.0391932110573158,0.328449530682223,0.331,0.600993633270264,16
0.3,-10,-10,25,FALSE,1000,0.307607650756836,0.313091278076172,0.315308570861816,0.319552421569824,0.328803062438965,-0.0776155110078449,-0.0409413295843565,-0.028365091979328,-0.0156295850187038,0.0204973727615979,0.155,0.309395790100098,264
0.3,-10,-10,50,FALSE,1000,0.203800201416016,0.207686424255371,0.208902359008789,0.21059513092041,0.214910507202148,-0.0377763213919856,-0.00758880827585535,0.00197968568975103,0.0133462107093081,0.042163951901075,0.541,0.209188461303711,180
0.3,-10,-10,100,FALSE,1000,0.152707099914551,0.155007839202881,0.155901908874512,0.156998634338379,0.159883499145508,-0.00369392711710679,0.0226685881353199,0.0320478906651548,0.0412509358812804,0.068349822280999,0.941,0.159406661987305,106
0.3,-10,-10,1000,FALSE,1000,0.105714797973633,0.107789039611816,0.108492374420166,0.109386444091797,0.111603736877441,0.0305796747548135,0.0680700747165315,0.0805146056899453,0.0930689599116164,0.128052728788543,0.994,0.114703178405762,36
0.3,-10,-10,10000,FALSE,1000,0.100588798522949,0.10230541229248,0.102901458740234,0.103557109832764,0.105404853820801,0.0511681848812838,0.0797575370067932,0.0898731563877709,0.0995693625757728,0.128683822859925,0.999,0.109410285949707,30
0.3,-2,-2,1,FALSE,1000,5.38480281829834,5.45229911804199,5.47029972076416,5.49939870834351,5.56960105895996,-0.10955665035493,-0.0872482051879844,-0.0801386324251307,-0.0723277614264449,-0.0499528380703309,0.033,5.17195463180542,166
0.3,-2,-2,5,FALSE,1000,1.12972259521484,1.15156173706055,1.19109153747559,1.19864940643311,1.26760005950928,-0.295195754340426,-0.123726332569511,-0.0660051022148689,-0.00912108872833789,0.143424239913302,0.142,1.13769769668579,17
0.3,-2,-2,10,FALSE,1000,0.6134033203125,0.625395774841309,0.630855560302734,0.673294067382812,0.742912292480469,-0.449312179076926,-0.154539863742038,-0.0561534970872032,0.0429430661208679,0.321917251184384,0.29,0.60654878616333,9
0.3,-2,-2,25,FALSE,1000,0.309300422668457,0.314998626708984,0.317203998565674,0.320911407470703,0.328898429870605,-0.0749001799988126,-0.0315126476284025,-0.0165126132644615,0.000870857199452504,0.0472463783906586,0.257,0.313699245452881,266
0.3,-2,-2,50,FALSE,1000,0.204992294311523,0.208401679992676,0.209712982177734,0.211501121520996,0.216102600097656,-0.0255920708093077,0.00726917589460146,0.0184743357365713,0.0295019942388609,0.0613212473853761,0.843,0.212216377258301,131
0.3,-2,-2,100,FALSE,1000,0.153017044067383,0.15559196472168,0.156402587890625,0.157499313354492,0.16019344329834,0.0117388364567661,0.0398509273317659,0.0494159201285407,0.0592527212928079,0.0882703514280096,0.96,0.161886215209961,110
0.3,-2,-2,1000,FALSE,1000,0.105905532836914,0.107598304748535,0.10828971862793,0.109100341796875,0.11131763458252,0.0530892500542084,0.0911510830033419,0.104440581804234,0.116713629776469,0.154355815235514,0.996,0.116300582885742,53
0.3,-2,-2,10000,FALSE,1000,0.100588798522949,0.102293491363525,0.102806091308594,0.10371208190918,0.105810165405273,0.0695640097277071,0.10200973952414,0.114013894072654,0.125081931674217,0.159493808181557,1,0.111293792724609,44
0.3,-0.5,-0.5,1,FALSE,1000,5.41141033172607,5.4766058921814,5.49490451812744,5.52204847335815,5.58960437774658,-0.113551000003964,-0.0923181254281553,-0.085472741632428,-0.0774122211220113,-0.0551574556890525,0.029,5.17634153366089,161
0.3,-0.5,-0.5,5,FALSE,1000,1.12931728363037,1.1534571647644,1.19254589080811,1.20115280151367,1.27260684967041,-0.271474289489275,-0.117987407191097,-0.060178353687217,-0.00501436198995409,0.139516268325681,0.202,1.14375352859497,11
0.3,-0.5,-0.5,10,FALSE,1000,0.614809989929199,0.624799728393555,0.63014030456543,0.673103332519531,0.744795799255371,-0.436606209783558,-0.141691794518806,-0.0418768310124955,0.058064886847463,0.350734218876625,0.311,0.61180591583252,10
0.3,-0.5,-0.5,25,FALSE,1000,0.307488441467285,0.313305854797363,0.315618515014648,0.319600105285645,0.328898429870605,-0.040071486220266,-0.000980906351045671,0.0142435509325936,0.0316592320839512,0.0762370618318641,0.731,0.318896770477295,264
0.3,-0.5,-0.5,50,FALSE,1000,0.202488899230957,0.206494331359863,0.207710266113281,0.209593772888184,0.214195251464844,0.0171354774152853,0.054521291332251,0.0652780698651034,0.0798640252466607,0.117787378107137,0.934,0.217509269714355,134
0.3,-0.5,-0.5,100,FALSE,1000,0.150489807128906,0.152993202209473,0.153994560241699,0.155091285705566,0.158214569091797,0.0776344247314252,0.108191522699603,0.118456989263704,0.128924648287071,0.15965880983972,0.968,0.167107582092285,122
0.3,-0.5,-0.5,1000,FALSE,1000,0.103092193603516,0.104904174804688,0.105500221252441,0.106441974639893,0.108695030212402,0.154646938800256,0.1917286654158,0.203967556629301,0.216525451599583,0.253595619842554,0.995,0.121593475341797,46
0.3,-0.5,-0.5,10000,FALSE,1000,0.0977993011474609,0.099492073059082,0.100111961364746,0.100803375244141,0.102686882019043,0.167788057149583,0.205195090183248,0.218375241628963,0.230334411072178,0.26675971042265,1,0.116395950317383,33
0.3,0.5,0.5,1,TRUE,1000,5.44190406799316,5.52489757537842,5.54689168930054,5.61156272888184,5.74030876159668,NA,NA,NA,NA,NA,NA,NA,0
0.3,0.5,0.5,5,TRUE,1000,1.15680694580078,1.1896014213562,1.226806640625,1.23565196990967,1.30391120910645,NA,NA,NA,NA,NA,NA,NA,0
0.3,0.5,0.5,10,TRUE,1000,0.641202926635742,0.656998157501221,0.662589073181152,0.702595710754395,0.768184661865234,NA,NA,NA,NA,NA,NA,NA,0
0.3,0.5,0.5,25,TRUE,1000,0.336980819702148,0.343859195709229,0.34639835357666,0.351500511169434,0.362086296081543,NA,NA,NA,NA,NA,NA,NA,0
0.3,0.5,0.5,50,TRUE,1000,0.231385231018066,0.236105918884277,0.237488746643066,0.239300727844238,0.243997573852539,NA,NA,NA,NA,NA,NA,NA,0
0.3,0.5,0.5,100,TRUE,1000,0.179314613342285,0.182700157165527,0.183796882629395,0.185143947601318,0.188708305358887,NA,NA,NA,NA,NA,NA,NA,0
0.3,0.5,0.5,1000,TRUE,1000,0.131988525390625,0.134420394897461,0.135493278503418,0.136685371398926,0.139999389648438,NA,NA,NA,NA,NA,NA,NA,0
0.3,0.5,0.5,10000,TRUE,1000,0.12660026550293,0.128912925720215,0.12969970703125,0.130605697631836,0.133109092712402,NA,NA,NA,NA,NA,NA,NA,0
0.3,2,2,1,TRUE,1000,5.56910037994385,5.69205284118652,5.71329593658447,5.78435659408569,5.92191219329834,NA,NA,NA,NA,NA,NA,NA,0
0.3,2,2,5,TRUE,1000,1.19740962982178,1.2321949005127,1.26849412918091,1.27854347229004,1.34589672088623,NA,NA,NA,NA,NA,NA,NA,0
0.3,2,2,10,TRUE,1000,0.665998458862305,0.685310363769531,0.691056251525879,0.72779655456543,0.784897804260254,NA,NA,NA,NA,NA,NA,NA,0
0.3,2,2,25,TRUE,1000,0.356602668762207,0.362896919250488,0.365304946899414,0.369691848754883,0.379395484924316,NA,NA,NA,NA,NA,NA,NA,0
0.3,2,2,50,TRUE,1000,0.248312950134277,0.252699851989746,0.254201889038086,0.25629997253418,0.261497497558594,NA,NA,NA,NA,NA,NA,NA,0
0.3,2,2,100,TRUE,1000,0.194001197814941,0.197720527648926,0.198888778686523,0.200200080871582,0.203800201416016,NA,NA,NA,NA,NA,NA,NA,0
0.3,2,2,1000,TRUE,1000,0.14498233795166,0.148200988769531,0.149202346801758,0.150418281555176,0.153493881225586,NA,NA,NA,NA,NA,NA,NA,0
0.3,2,2,10000,TRUE,1000,0.139594078063965,0.142407417297363,0.143313407897949,0.144410133361816,0.147390365600586,NA,NA,NA,NA,NA,NA,NA,0
0.3,10,10,1,TRUE,1000,6.00860118865967,6.08501434326172,6.11180067062378,6.1476469039917,6.24001026153564,NA,NA,NA,NA,NA,NA,NA,0
0.3,10,10,5,TRUE,1000,1.26750469207764,1.29334926605225,1.33190155029297,1.34429931640625,1.41940116882324,NA,NA,NA,NA,NA,NA,NA,0
0.3,10,10,10,TRUE,1000,0.693607330322266,0.705194473266602,0.711297988891602,0.751996040344238,0.817990303039551,NA,NA,NA,NA,NA,NA,NA,0
0.3,10,10,25,TRUE,1000,0.353288650512695,0.359106063842773,0.361990928649902,0.366151332855225,0.375890731811523,NA,NA,NA,NA,NA,NA,NA,0
0.3,10,10,50,TRUE,1000,0.236415863037109,0.240588188171387,0.242185592651367,0.244593620300293,0.25031566619873,NA,NA,NA,NA,NA,NA,NA,0
0.3,10,10,100,TRUE,1000,0.179195404052734,0.181484222412109,0.182390213012695,0.183606147766113,0.186777114868164,NA,NA,NA,NA,NA,NA,NA,0
0.3,10,10,1000,TRUE,1000,0.125789642333984,0.127792358398438,0.128507614135742,0.129604339599609,0.132298469543457,NA,NA,NA,NA,NA,NA,NA,0
0.3,10,10,10000,TRUE,1000,0.119781494140625,0.121593475341797,0.122213363647461,0.123119354248047,0.125312805175781,NA,NA,NA,NA,NA,NA,NA,0
0.3,100,100,1,TRUE,1000,5.93361854553223,6.03469610214233,6.05839490890503,6.11416101455688,6.23311996459961,NA,NA,NA,NA,NA,NA,NA,0
0.3,100,100,5,TRUE,1000,1.2455940246582,1.28054618835449,1.31698846817017,1.32730007171631,1.39689445495605,NA,NA,NA,NA,NA,NA,NA,0
0.3,100,100,10,TRUE,1000,0.67601203918457,0.692987442016602,0.699102878570557,0.738286972045898,0.805306434631348,NA,NA,NA,NA,NA,NA,NA,0
0.3,100,100,25,TRUE,1000,0.340986251831055,0.346016883850098,0.348281860351562,0.352203845977783,0.361394882202148,NA,NA,NA,NA,NA,NA,NA,0
0.3,100,100,50,TRUE,1000,0.22590160369873,0.229406356811523,0.230884552001953,0.232553482055664,0.237107276916504,NA,NA,NA,NA,NA,NA,NA,0
0.3,100,100,100,TRUE,1000,0.168299674987793,0.1708984375,0.171804428100586,0.173091888427734,0.176310539245605,NA,NA,NA,NA,NA,NA,NA,0
0.3,100,100,1000,TRUE,1000,0.115513801574707,0.117707252502441,0.118494033813477,0.119590759277344,0.122404098510742,NA,NA,NA,NA,NA,NA,NA,0
0.3,100,100,10000,TRUE,1000,0.110006332397461,0.111699104309082,0.112295150756836,0.113105773925781,0.115203857421875,NA,NA,NA,NA,NA,NA,NA,0
0.3,10000,10000,1,TRUE,1000,6.40349388122559,6.50935173034668,6.52880668640137,6.5851092338562,6.69779777526855,NA,NA,NA,NA,NA,NA,NA,0
0.3,10000,10000,5,TRUE,1000,1.33569240570068,1.37534141540527,1.41199827194214,1.42349004745483,1.49300098419189,NA,NA,NA,NA,NA,NA,NA,0
0.3,10000,10000,10,TRUE,1000,0.727009773254395,0.742316246032715,0.748491287231445,0.786995887756348,0.843310356140137,NA,NA,NA,NA,NA,NA,NA,0
0.3,10000,10000,25,TRUE,1000,0.360918045043945,0.36778450012207,0.370192527770996,0.3745436668396,0.384116172790527,NA,NA,NA,NA,NA,NA,NA,0
0.3,10000,10000,50,TRUE,1000,0.237298011779785,0.241589546203613,0.243091583251953,0.245153903961182,0.250411033630371,NA,NA,NA,NA,NA,NA,NA,0
0.3,10000,10000,100,TRUE,1000,0.176000595092773,0.178313255310059,0.179219245910645,0.180482864379883,0.183510780334473,NA,NA,NA,NA,NA,NA,NA,0
0.3,10000,10000,1000,TRUE,1000,0.118708610534668,0.120902061462402,0.121784210205078,0.12284517288208,0.125694274902344,NA,NA,NA,NA,NA,NA,NA,0
0.3,10000,10000,10000,TRUE,1000,0.11289119720459,0.11439323425293,0.115013122558594,0.11589527130127,0.118088722229004,NA,NA,NA,NA,NA,NA,NA,0
0.5,-10000,-10000,1,FALSE,1000,5.29129505157471,5.39324283599854,5.41419982910156,5.47565221786499,5.59799671173096,-0.114790876009119,-0.0909185569016867,-0.0839523422092002,-0.0747693178640547,-0.0507343077169003,0.048,5.11029958724976,254
0.5,-10000,-10000,5,FALSE,1000,1.11901760101318,1.14589929580688,1.18210315704346,1.19105577468872,1.25172138214111,-0.287543958863561,-0.122153910076865,-0.0650321955792656,-0.0106814949855832,0.141355849245542,0.127,1.13101005554199,14
0.5,-10000,-10000,10,FALSE,1000,0.610804557800293,0.62401294708252,0.629305839538574,0.668048858642578,0.733017921447754,-0.421844209272255,-0.143050006048413,-0.0504988730188284,0.0492372542346791,0.3368822710864,0.317,0.607645511627197,16
0.5,-10000,-10000,25,FALSE,1000,0.309300422668457,0.316309928894043,0.318598747253418,0.322699546813965,0.331997871398926,-0.0618413089755982,-0.0229715950032045,-0.0100132473027643,0.00317582779630141,0.0422743003881178,0.285,0.316405296325684,255
0.5,-10000,-10000,50,FALSE,1000,0.207209587097168,0.2113938331604,0.212597846984863,0.214290618896484,0.218510627746582,-0.0114677180251867,0.0161916482396848,0.0257637256625882,0.0352209633449282,0.0629351978770112,0.899,0.216484069824219,162
0.5,-10000,-10000,100,FALSE,1000,0.156617164611816,0.159001350402832,0.159811973571777,0.161099433898926,0.164222717285156,0.0268040112164785,0.0516356784634895,0.0603400403987556,0.0685539098128009,0.0930685296329149,0.969,0.166702270507812,93
0.5,-10000,-10000,1000,FALSE,1000,0.110101699829102,0.111889839172363,0.112509727478027,0.113606452941895,0.116181373596191,0.0700745507789476,0.104428932039321,0.116495426070249,0.127474381549693,0.159735780629776,0.997,0.12199878692627,39
0.5,-10000,-10000,10000,FALSE,1000,0.104880332946777,0.106406211853027,0.106906890869141,0.107598304748535,0.109386444091797,0.0860800221653769,0.115846353629736,0.126237642829034,0.136531698611095,0.166875365613637,0.999,0.116682052612305,30
0.5,-100,-100,1,FALSE,1000,5.31289577484131,5.39799928665161,5.41839599609375,5.48515319824219,5.61330318450928,-0.113338516771923,-0.0899495997314868,-0.0832960173840838,-0.0737289413914816,-0.0494304055588177,0.044,5.11264801025391,246
0.5,-100,-100,5,FALSE,1000,1.11899375915527,1.14645957946777,1.18334293365479,1.19190216064453,1.25868320465088,-0.268336264384277,-0.122964946920048,-0.0652279331045197,-0.00913819654562881,0.150847263872423,0.14,1.13054513931274,13
0.5,-100,-100,10,FALSE,1000,0.611186027526855,0.62415599822998,0.629556179046631,0.669002532958984,0.734400749206543,-0.359811487637506,-0.142323885493058,-0.0499690137034226,0.0437274000867261,0.322344903438595,0.298,0.607800483703613,18
0.5,-100,-100,25,FALSE,1000,0.311112403869629,0.316119194030762,0.318610668182373,0.322747230529785,0.33261775970459,-0.0613732371858221,-0.0208176354662871,-0.0076387423377066,0.00798330126910455,0.0490077396627052,0.34,0.316786766052246,274
0.5,-100,-100,50,FALSE,1000,0.208115577697754,0.211501121520996,0.212597846984863,0.213909149169922,0.217509269714355,-0.00667621197104176,0.0192595659469842,0.0274113680455091,0.0367565139818179,0.0622457205313867,0.906,0.216794013977051,169
0.5,-100,-100,100,FALSE,1000,0.156188011169434,0.159001350402832,0.159811973571777,0.161004066467285,0.164008140563965,0.0250513720553673,0.0528911006650496,0.0621714821959144,0.0715250465132529,0.0992062044520878,0.957,0.166893005371094,106
0.5,-100,-100,1000,FALSE,1000,0.110006332397461,0.111913681030273,0.112700462341309,0.113606452941895,0.116109848022461,0.0701358009527105,0.10453471893567,0.11631223247478,0.127865376984537,0.15442263029953,0.993,0.12199878692627,40
0.5,-100,-100,10000,FALSE,1000,0.10521411895752,0.106501579284668,0.107002258300781,0.107717514038086,0.109505653381348,0.0870985703126918,0.117374436336471,0.127066331290773,0.137885161924687,0.168549316623669,0.996,0.116896629333496,24
0.5,-10,-10,1,FALSE,1000,5.30438423156738,5.39519786834717,5.41861057281494,5.48365116119385,5.61509132385254,-0.112111880301174,-0.0895453930514557,-0.0825690049287069,-0.0743072418769639,-0.0515507910309416,0.028,5.11646270751953,240
0.5,-10,-10,5,FALSE,1000,1.11758708953857,1.14425420761108,1.18319988250732,1.19229555130005,1.26299858093262,-0.283822276399601,-0.121252215582047,-0.063473260180826,-0.00846766499877459,0.137713045616073,0.127,1.13210678100586,18
0.5,-10,-10,10,FALSE,1000,0.609183311462402,0.623500347137451,0.628697872161865,0.668096542358398,0.734615325927734,-0.376501425296806,-0.139425021085137,-0.0476376618431282,0.0426980493276152,0.31454823435723,0.307,0.607395172119141,10
0.5,-10,-10,25,FALSE,1000,0.310492515563965,0.316441059112549,0.318717956542969,0.322890281677246,0.332403182983398,-0.0600437533397282,-0.0222103128745898,-0.00783458796656256,0.0058575788137103,0.040264874518281,0.332,0.316977500915527,281
0.5,-10,-10,50,FALSE,1000,0.207901000976562,0.211405754089355,0.212693214416504,0.214505195617676,0.219106674194336,-0.00880133917638103,0.017581274911168,0.0262555774218891,0.0363470931474071,0.0629408940430951,0.898,0.21660327911377,174
0.5,-10,-10,100,FALSE,1000,0.156784057617188,0.159108638763428,0.160002708435059,0.161206722259521,0.164318084716797,0.0260922247809427,0.0522757555392405,0.0611259512922943,0.0703790816622929,0.0966699949158951,0.96,0.166916847229004,113
0.5,-10,-10,1000,FALSE,1000,0.10991096496582,0.112009048461914,0.112700462341309,0.113701820373535,0.116205215454102,0.0698898662139536,0.103818869493292,0.116244126089339,0.126609087532798,0.160432194788364,0.994,0.12209415435791,39
0.5,-10,-10,10000,FALSE,1000,0.104808807373047,0.106596946716309,0.107192993164062,0.107789039611816,0.109505653381348,0.0847898079858087,0.116079374065155,0.126597150452145,0.137475806798463,0.168952288713551,0.998,0.116991996765137,37
0.5,-2,-2,1,FALSE,1000,5.38089275360107,5.45570850372314,5.4746150970459,5.50944805145264,5.58931827545166,-0.11180598379408,-0.087660970402188,-0.0801869277417805,-0.0713150566981697,-0.0470528601753252,0.03,5.18012046813965,162
0.5,-2,-2,5,FALSE,1000,1.13179683685303,1.15475654602051,1.19324922561646,1.20251178741455,1.27041339874268,-0.284754483579854,-0.117455886220847,-0.0601927842487649,-0.00564749464079999,0.159813302362405,0.191,1.14531517028809,14
0.5,-2,-2,10,FALSE,1000,0.619292259216309,0.628149509429932,0.63319206237793,0.675499439239502,0.739407539367676,-0.419695705714136,-0.142223612937809,-0.0452125999513605,0.0491751686841619,0.23250758030743,0.285,0.613498687744141,11
0.5,-2,-2,25,FALSE,1000,0.311589241027832,0.317609310150146,0.319814682006836,0.324559211730957,0.334501266479492,-0.0615128241662437,-0.0143879795571685,0.00183590305666836,0.0177139584086992,0.0625860689222858,0.537,0.32050609588623,249
0.5,-2,-2,50,FALSE,1000,0.208020210266113,0.211286544799805,0.212597846984863,0.214290618896484,0.218796730041504,0.00394804865971866,0.035748875470468,0.0458291520196575,0.0576019962889904,0.0891925598528109,0.931,0.219416618347168,150
0.5,-2,-2,100,FALSE,1000,0.155806541442871,0.158214569091797,0.159096717834473,0.160205364227295,0.163102149963379,0.0452565912612281,0.0764062909101834,0.0873608369992145,0.0975823918273952,0.128851653497026,0.977,0.168991088867188,83
0.5,-2,-2,1000,FALSE,1000,0.108695030212402,0.110316276550293,0.111007690429688,0.112009048461914,0.11448860168457,0.106218469068387,0.142352960632738,0.15499986913675,0.166729382447289,0.203248216102242,0.999,0.12359619140625,57
0.5,-2,-2,10000,FALSE,1000,0.102901458740234,0.104999542236328,0.105619430541992,0.106406211853027,0.108504295349121,0.116932867872244,0.153038071772818,0.165053239666906,0.177472135631478,0.21280637250725,0.999,0.118398666381836,27
0.5,-0.5,-0.5,1,FALSE,1000,5.37309646606445,5.44644594192505,5.46660423278809,5.49745559692383,5.56900501251221,-0.106808828505826,-0.0841722871442273,-0.0768579151920078,-0.0685312221630405,-0.0454414102277566,0.044,5.17923831939697,154
0.5,-0.5,-0.5,5,FALSE,1000,1.12721920013428,1.15129947662354,1.18989944458008,1.1991024017334,1.26941204071045,-0.23921372012153,-0.110876515492192,-0.0532166547745839,0.00203361206703063,0.167257622730166,0.274,1.14779472351074,22
0.5,-0.5,-0.5,10,FALSE,1000,0.61500072479248,0.624990463256836,0.630593299865723,0.672507286071777,0.725483894348145,-0.246825608954722,-0.127894224821566,-0.0313708029896488,0.0687656035211467,0.34639218318683,0.342,0.61650276184082,9
0.5,-0.5,-0.5,25,FALSE,1000,0.30970573425293,0.315713882446289,0.317847728729248,0.322401523590088,0.332188606262207,-0.0393031609809693,0.00455881884079564,0.0211195243199347,0.0359627652140616,0.0820172828761201,0.788,0.322699546813965,258
0.5,-0.5,-0.5,50,FALSE,1000,0.205802917480469,0.20911693572998,0.21059513092041,0.212311744689941,0.217103958129883,0.0273629442437819,0.0620921150968272,0.0728482516384556,0.0854925383050553,0.118098124577342,0.936,0.221514701843262,146
0.5,-0.5,-0.5,100,FALSE,1000,0.153708457946777,0.155997276306152,0.156998634338379,0.158047676086426,0.161099433898926,0.0803650652387648,0.113396376619103,0.124066044550698,0.1358621271106,0.168597978468888,0.972,0.171017646789551,98
0.5,-0.5,-0.5,1000,FALSE,1000,0.106287002563477,0.108194351196289,0.108909606933594,0.10979175567627,0.112104415893555,0.154440000731401,0.193077575013209,0.205554236593272,0.21899608810893,0.257544852735491,0.998,0.125551223754883,37
0.5,-0.5,-0.5,10000,FALSE,1000,0.100994110107422,0.102901458740234,0.103497505187988,0.104284286499023,0.106310844421387,0.171726613905628,0.20696841374002,0.218864231831371,0.231662063442136,0.266230862832248,0.999,0.12049674987793,29
0.5,0.5,0.5,1,TRUE,1000,5.43839931488037,5.52139282226562,5.54065704345703,5.59914112091064,5.71410655975342,NA,NA,NA,NA,NA,NA,NA,0
0.5,0.5,0.5,5,TRUE,1000,1.15940570831299,1.18815898895264,1.22549533843994,1.23629570007324,1.30610466003418,NA,NA,NA,NA,NA,NA,NA,0
0.5,0.5,0.5,10,TRUE,1000,0.641894340515137,0.655996799468994,0.661182403564453,0.700104236602783,0.7659912109375,NA,NA,NA,NA,NA,NA,NA,0
0.5,0.5,0.5,25,TRUE,1000,0.336098670959473,0.342702865600586,0.34492015838623,0.349199771881104,0.35860538482666,NA,NA,NA,NA,NA,NA,NA,0
0.5,0.5,0.5,50,TRUE,1000,0.230717658996582,0.235199928283691,0.23648738861084,0.238394737243652,0.243115425109863,NA,NA,NA,NA,NA,NA,NA,0
0.5,0.5,0.5,100,TRUE,1000,0.178384780883789,0.18160343170166,0.182604789733887,0.183892250061035,0.187301635742188,NA,NA,NA,NA,NA,NA,NA,0
0.5,0.5,0.5,1000,TRUE,1000,0.130796432495117,0.1334547996521,0.13430118560791,0.135397911071777,0.138306617736816,NA,NA,NA,NA,NA,NA,NA,0
0.5,0.5,0.5,10000,TRUE,1000,0.125598907470703,0.127887725830078,0.128602981567383,0.129508972167969,0.131916999816895,NA,NA,NA,NA,NA,NA,NA,0
0.5,2,2,1,TRUE,1000,5.40180206298828,5.48310279846191,5.50274848937988,5.56414127349854,5.68511486053467,NA,NA,NA,NA,NA,NA,NA,0
0.5,2,2,5,TRUE,1000,1.14998817443848,1.17650032043457,1.21240615844727,1.22185945510864,1.28839015960693,NA,NA,NA,NA,NA,NA,NA,0
0.5,2,2,10,TRUE,1000,0.632691383361816,0.646400451660156,0.651705265045166,0.691938400268555,0.75218677520752,NA,NA,NA,NA,NA,NA,NA,0
0.5,2,2,25,TRUE,1000,0.32961368560791,0.336194038391113,0.338196754455566,0.342798233032227,0.35250186920166,NA,NA,NA,NA,NA,NA,NA,0
0.5,2,2,50,TRUE,1000,0.225400924682617,0.229096412658691,0.230598449707031,0.232148170471191,0.236701965332031,NA,NA,NA,NA,NA,NA,NA,0
0.5,2,2,100,TRUE,1000,0.172901153564453,0.176095962524414,0.177097320556641,0.178384780883789,0.181818008422852,NA,NA,NA,NA,NA,NA,NA,0
0.5,2,2,1000,TRUE,1000,0.126099586486816,0.128293037414551,0.129008293151855,0.130105018615723,0.13279914855957,NA,NA,NA,NA,NA,NA,NA,0
0.5,2,2,10000,TRUE,1000,0.12049674987793,0.122594833374023,0.123310089111328,0.124108791351318,0.126290321350098,NA,NA,NA,NA,NA,NA,NA,0
0.5,10,10,1,TRUE,1000,5.38570880889893,5.45345544815063,5.47269582748413,5.50409555435181,5.57990074157715,NA,NA,NA,NA,NA,NA,NA,0
0.5,10,10,5,TRUE,1000,1.14400386810303,1.16980075836182,1.2086033821106,1.21790170669556,1.28440856933594,NA,NA,NA,NA,NA,NA,NA,0
0.5,10,10,10,TRUE,1000,0.631308555603027,0.642204284667969,0.647258758544922,0.689482688903809,0.745606422424316,NA,NA,NA,NA,NA,NA,NA,0
0.5,10,10,25,TRUE,1000,0.328993797302246,0.33421516418457,0.336694717407227,0.340914726257324,0.350689888000488,NA,NA,NA,NA,NA,NA,NA,0
0.5,10,10,50,TRUE,1000,0.223302841186523,0.228095054626465,0.229597091674805,0.231492519378662,0.23651123046875,NA,NA,NA,NA,NA,NA,NA,0
0.5,10,10,100,TRUE,1000,0.172090530395508,0.175094604492188,0.176095962524414,0.177407264709473,0.180792808532715,NA,NA,NA,NA,NA,NA,NA,0
0.5,10,10,1000,TRUE,1000,0.125002861022949,0.127303600311279,0.12819766998291,0.129151344299316,0.131916999816895,NA,NA,NA,NA,NA,NA,NA,0
0.5,10,10,10000,TRUE,1000,0.120091438293457,0.121808052062988,0.122594833374023,0.123500823974609,0.126004219055176,NA,NA,NA,NA,NA,NA,NA,0
0.5,100,100,1,TRUE,1000,5.342698097229,5.42066097259521,5.43850660324097,5.49534559249878,5.60710430145264,NA,NA,NA,NA,NA,NA,NA,0
0.5,100,100,5,TRUE,1000,1.13101005554199,1.16190910339355,1.19948387145996,1.20850801467896,1.2768030166626,NA,NA,NA,NA,NA,NA,NA,0
0.5,100,100,10,TRUE,1000,0.62260627746582,0.637495517730713,0.643002986907959,0.682306289672852,0.740599632263184,NA,NA,NA,NA,NA,NA,NA,0
0.5,100,100,25,TRUE,1000,0.322985649108887,0.329196453094482,0.331592559814453,0.33499002456665,0.343108177185059,NA,NA,NA,NA,NA,NA,NA,0
0.5,100,100,50,TRUE,1000,0.220584869384766,0.223803520202637,0.225186347961426,0.226807594299316,0.231194496154785,NA,NA,NA,NA,NA,NA,NA,0
0.5,100,100,100,TRUE,1000,0.168299674987793,0.171494483947754,0.17249584197998,0.173687934875488,0.17697811126709,NA,NA,NA,NA,NA,NA,NA,0
0.5,100,100,1000,TRUE,1000,0.121402740478516,0.123906135559082,0.124812126159668,0.125908851623535,0.128793716430664,NA,NA,NA,NA,NA,NA,NA,0
0.5,100,100,10000,TRUE,1000,0.116395950317383,0.118517875671387,0.119304656982422,0.120115280151367,0.122499465942383,NA,NA,NA,NA,NA,NA,NA,0
0.5,10000,10000,1,TRUE,1000,5.33289909362793,5.4194450378418,5.44114112854004,5.5119514465332,5.64939975738525,NA,NA,NA,NA,NA,NA,NA,0
0.5,10000,10000,5,TRUE,1000,1.13351345062256,1.16281509399414,1.19946002960205,1.20799541473389,1.27441883087158,NA,NA,NA,NA,NA,NA,NA,0
0.5,10000,10000,10,TRUE,1000,0.623416900634766,0.637912750244141,0.642991065979004,0.682902336120605,0.742006301879883,NA,NA,NA,NA,NA,NA,NA,0
0.5,10000,10000,25,TRUE,1000,0.322914123535156,0.329113006591797,0.331401824951172,0.335097312927246,0.343799591064453,NA,NA,NA,NA,NA,NA,NA,0
0.5,10000,10000,50,TRUE,1000,0.219511985778809,0.223898887634277,0.225305557250977,0.22740364074707,0.232601165771484,NA,NA,NA,NA,NA,NA,NA,0
0.5,10000,10000,100,TRUE,1000,0.168490409851074,0.171303749084473,0.172305107116699,0.173449516296387,0.176620483398438,NA,NA,NA,NA,NA,NA,NA,0
0.5,10000,10000,1000,TRUE,1000,0.121903419494629,0.124096870422363,0.124979019165039,0.126004219055176,0.128817558288574,NA,NA,NA,NA,NA,NA,NA,0
0.5,10000,10000,10000,TRUE,1000,0.116491317749023,0.118494033813477,0.119113922119141,0.119996070861816,0.122213363647461,NA,NA,NA,NA,NA,NA,NA,0
0.8,-10000,-10000,1,FALSE,1000,5.32138347625732,5.39824962615967,5.41794300079346,5.47654628753662,5.59389591217041,-0.114396069666513,-0.0900450778602543,-0.0833271665600655,-0.0737941951991557,-0.0494452460259907,0.035,5.11569976806641,250
0.8,-10000,-10000,5,FALSE,1000,1.11980438232422,1.14604234695435,1.18410587310791,1.1928915977478,1.26199722290039,-0.271932378190455,-0.118797609088745,-0.0623611729387126,-0.00526194301983966,0.155178187216113,0.178,1.13508701324463,21
0.8,-10000,-10000,10,FALSE,1000,0.61030387878418,0.624489784240723,0.629651546478271,0.669503211975098,0.73540210723877,-0.401772636364066,-0.135578783123945,-0.04250447786454,0.0569806252490224,0.335024918023919,0.309,0.611293315887451,20
0.8,-10000,-10000,25,FALSE,1000,0.310611724853516,0.316452980041504,0.318789482116699,0.322604179382324,0.331807136535645,-0.0376073071851718,-0.00366153102873119,0.00899948982213108,0.0228195402064515,0.0610033090192824,0.694,0.320792198181152,281
0.8,-10000,-10000,50,FALSE,1000,0.208210945129395,0.211620330810547,0.212907791137695,0.214600563049316,0.219011306762695,0.014674008367825,0.0439933480397738,0.0532163003071941,0.063634006181757,0.0928452545413521,0.927,0.220990180969238,167
0.8,-10000,-10000,100,FALSE,1000,0.156807899475098,0.159120559692383,0.160002708435059,0.161290168762207,0.164413452148438,0.0619154266839895,0.0879920218180216,0.096488420131758,0.105998291073825,0.13290428917812,0.964,0.171113014221191,109
0.8,-10000,-10000,1000,FALSE,1000,0.110292434692383,0.112009048461914,0.112795829772949,0.113701820373535,0.116205215454102,0.120741420464149,0.153344602016944,0.163914928193624,0.176249126590244,0.209445210040564,0.99,0.126385688781738,35
0.8,-10000,-10000,10000,FALSE,1000,0.104904174804688,0.106596946716309,0.107192993164062,0.107908248901367,0.10981559753418,0.133192749873056,0.166194778040039,0.177719650527575,0.188767731713659,0.218710666012025,0.999,0.121152400970459,26
0.8,-100,-100,1,FALSE,1000,5.31618595123291,5.4032564163208,5.42299747467041,5.48535585403442,5.60779571533203,-0.116316321050891,-0.091815832071467,-0.0837554050916397,-0.074877806814384,-0.051109928114998,0.04,5.1177978515625,249
0.8,-100,-100,5,FALSE,1000,1.11861228942871,1.14704370498657,1.18465423583984,1.19283199310303,1.25970840454102,-0.258187904534047,-0.116519136440741,-0.0584590800717373,-0.0036980663534519,0.16003920614234,0.185,1.13694667816162,14
0.8,-100,-100,10,FALSE,1000,0.610709190368652,0.623953342437744,0.629603862762451,0.668716430664062,0.735712051391602,-0.402005751406629,-0.1291822161117,-0.0340120081387235,0.0587271251403967,0.324135003241618,0.334,0.613307952880859,13
0.8,-100,-100,25,FALSE,1000,0.310683250427246,0.316500663757324,0.318694114685059,0.322198867797852,0.330519676208496,-0.0375614371152676,0.00292997838475649,0.0150660862177841,0.0302173358054697,0.0705922671294438,0.787,0.32200813293457,276
0.8,-100,-100,50,FALSE,1000,0.208401679992676,0.211596488952637,0.212788581848145,0.214409828186035,0.218605995178223,0.0257659017348625,0.0519588426087196,0.0608835852415131,0.0694876362363967,0.0944612465941088,0.941,0.221920013427734,160
0.8,-100,-100,100,FALSE,1000,0.156807899475098,0.159192085266113,0.160002708435059,0.161004066467285,0.163698196411133,0.0664326401393919,0.0961023575039835,0.106232067012323,0.115893070711091,0.143303094740858,0.97,0.172185897827148,105
0.8,-100,-100,1000,FALSE,1000,0.110101699829102,0.112009048461914,0.112795829772949,0.113701820373535,0.116205215454102,0.133579137077878,0.165936927457667,0.177037276301552,0.188576845106514,0.222479087905476,0.996,0.127482414245605,43
0.8,-100,-100,10000,FALSE,1000,0.104904174804688,0.106596946716309,0.107192993164062,0.108003616333008,0.110101699829102,0.148709804786466,0.178962149116265,0.189243830691054,0.199225714380136,0.227769391470891,1,0.122213363647461,25
0.8,-10,-10,1,FALSE,1000,5.3149938583374,5.39960861206055,5.42020797729492,5.47354221343994,5.58300018310547,-0.112935694492213,-0.0888141348195324,-0.0818740424833459,-0.0727180548290796,-0.0488804452059666,0.046,5.12123107910156,239
0.8,-10,-10,5,FALSE,1000,1.12268924713135,1.14789009094238,1.18434429168701,1.19428634643555,1.26321315765381,-0.279598868728566,-0.11711728322616,-0.0590992688593629,-0.00157203060206966,0.149980232995954,0.217,1.13780498504639,23
0.8,-10,-10,10,FALSE,1000,0.60889720916748,0.624501705169678,0.63018798828125,0.670886039733887,0.739383697509766,-0.421783538053244,-0.133615706501814,-0.0389524905560036,0.0596590693672596,0.230823498575486,0.321,0.613689422607422,13
0.8,-10,-10,25,FALSE,1000,0.31120777130127,0.316596031188965,0.31890869140625,0.322651863098145,0.331211090087891,-0.0341252869863806,0.00658119561876766,0.020117225905175,0.035406080541092,0.0760088334112478,0.816,0.323104858398438,273
0.8,-10,-10,50,FALSE,1000,0.208401679992676,0.211715698242188,0.212907791137695,0.214600563049316,0.218892097473145,0.0302449726443654,0.0582425904697795,0.0677655400958181,0.0782784151969068,0.107707944763115,0.935,0.223207473754883,160
0.8,-10,-10,100,FALSE,1000,0.156307220458984,0.159215927124023,0.160098075866699,0.161349773406982,0.164413452148438,0.0756188132991049,0.10316333021969,0.113729357240095,0.122843604607767,0.151441203732551,0.964,0.173306465148926,104
0.8,-10,-10,1000,FALSE,1000,0.110316276550293,0.112104415893555,0.11289119720459,0.113797187805176,0.116300582885742,0.142924471705488,0.176860159047816,0.187876923774685,0.199640996844283,0.232602312460196,0.995,0.128602981567383,40
0.8,-10,-10,10000,FALSE,1000,0.104808807373047,0.106716156005859,0.107312202453613,0.108003616333008,0.10988712310791,0.16082279433506,0.190146319422884,0.200441927794675,0.210497146117098,0.238923459032457,1,0.123310089111328,25
0.8,-2,-2,1,FALSE,1000,5.35271167755127,5.42330741882324,5.44495582580566,5.47294616699219,5.54661750793457,-0.103250991148308,-0.0785021407022413,-0.0704879329890357,-0.0615026108090504,-0.0362196607384291,0.041,5.18031120300293,161
0.8,-2,-2,5,FALSE,1000,1.12950801849365,1.14989280700684,1.1897087097168,1.19850635528564,1.27129554748535,-0.23260720853847,-0.106189792895415,-0.048982442983856,0.00815050379989354,0.178816043628088,0.339,1.15129947662354,11
0.8,-2,-2,10,FALSE,1000,0.615096092224121,0.627601146697998,0.632286071777344,0.674545764923096,0.740981101989746,-0.393139829824834,-0.123507796322741,-0.0257703963948714,0.070400255361414,0.351329632517478,0.327,0.620400905609131,9
0.8,-2,-2,25,FALSE,1000,0.313806533813477,0.320196151733398,0.322413444519043,0.326108932495117,0.334596633911133,-0.0326824791950157,0.00790230149477049,0.0223760763125923,0.0386383333849455,0.0760525149116993,0.811,0.327301025390625,255
0.8,-2,-2,50,FALSE,1000,0.210976600646973,0.21435022354126,0.215601921081543,0.217390060424805,0.221800804138184,0.0226472877410235,0.0561271712704167,0.0677085393013775,0.0808537720161088,0.117387003132632,0.931,0.225996971130371,152
0.8,-2,-2,100,FALSE,1000,0.159382820129395,0.161600112915039,0.162410736083984,0.163555145263672,0.166416168212891,0.0693271776231262,0.102473432362172,0.114056925221916,0.124973132130387,0.157127677968784,0.969,0.175845623016357,95
0.8,-2,-2,1000,FALSE,1000,0.111794471740723,0.114011764526367,0.114703178405762,0.115680694580078,0.118184089660645,0.134965893942432,0.170579067550254,0.182527119403367,0.194580217067709,0.229066823109682,0.997,0.130200386047363,42
0.8,-2,-2,10000,FALSE,1000,0.106906890869141,0.108599662780762,0.109219551086426,0.110006332397461,0.112104415893555,0.150567925284159,0.184299579351033,0.195750258343509,0.206820763068568,0.240078228352758,0.997,0.12509822845459,31
0.8,-0.5,-0.5,1,FALSE,1000,5.35738468170166,5.43016195297241,5.44984340667725,5.48141002655029,5.55508136749268,-0.102684447321155,-0.0792704561108285,-0.0716406522252082,-0.0631049005194237,-0.0389604181155619,0.045,5.18316030502319,148
0.8,-0.5,-0.5,5,FALSE,1000,1.12519264221191,1.15175247192383,1.19099617004395,1.20048522949219,1.26650333404541,-0.27840025219938,-0.107980965314936,-0.0491824664436281,0.00687605469891735,0.167119089683604,0.308,1.15034580230713,10
0.8,-0.5,-0.5,10,FALSE,1000,0.617408752441406,0.62859058380127,0.634348392486572,0.676548480987549,0.746512413024902,-0.416208173998865,-0.132567040658837,-0.0338544738711397,0.0653618782621049,0.346336992826155,0.32,0.618505477905273,13
0.8,-0.5,-0.5,25,FALSE,1000,0.31440258026123,0.320100784301758,0.322496891021729,0.326991081237793,0.337100028991699,-0.0521148565115445,-0.00198684116880645,0.0157829552041204,0.0321061007427336,0.0812766078075488,0.73,0.325608253479004,279
0.8,-0.5,-0.5,50,FALSE,1000,0.210118293762207,0.214195251464844,0.215482711791992,0.217199325561523,0.221705436706543,0.00973701136528628,0.046518712650924,0.0574100916372552,0.0713422606712323,0.10815058397056,0.928,0.224399566650391,164
0.8,-0.5,-0.5,100,FALSE,1000,0.159215927124023,0.161385536193848,0.162291526794434,0.163412094116211,0.16639232635498,0.0589519869969648,0.0894279692566595,0.0999023499362759,0.11020110456129,0.141268831598662,0.975,0.17399787902832,98
0.8,-0.5,-0.5,1000,FALSE,1000,0.112080574035645,0.113797187805176,0.11451244354248,0.115394592285156,0.117707252502441,0.117933325212906,0.154022327653297,0.166388082809447,0.178099547289868,0.212911179511263,0.997,0.128507614135742,41
0.8,-0.5,-0.5,10000,FALSE,1000,0.107002258300781,0.10840892791748,0.108981132507324,0.109601020812988,0.11131763458252,0.135623461481876,0.167571413902951,0.178381227981716,0.189003164393726,0.22081965868108,1,0.123310089111328,29
0.8,0.5,0.5,1,TRUE,1000,5.38971424102783,5.48701286315918,5.50425052642822,5.55583238601685,5.6535005569458,NA,NA,NA,NA,NA,NA,NA,0
0.8,0.5,0.5,5,TRUE,1000,1.14920139312744,1.1805534362793,1.2173056602478,1.22560262680054,1.29261016845703,NA,NA,NA,NA,NA,NA,NA,0
0.8,0.5,0.5,10,TRUE,1000,0.638818740844727,0.651788711547852,0.656890869140625,0.696492195129395,0.759696960449219,NA,NA,NA,NA,NA,NA,NA,0
0.8,0.5,0.5,25,TRUE,1000,0.334620475769043,0.340545177459717,0.342953205108643,0.347590446472168,0.357604026794434,NA,NA,NA,NA,NA,NA,NA,0
0.8,0.5,0.5,50,TRUE,1000,0.229811668395996,0.233793258666992,0.235199928283691,0.237107276916504,0.242018699645996,NA,NA,NA,NA,NA,NA,NA,0
0.8,0.5,0.5,100,TRUE,1000,0.177693367004395,0.180792808532715,0.181889533996582,0.183296203613281,0.187015533447266,NA,NA,NA,NA,NA,NA,NA,0
0.8,0.5,0.5,1000,TRUE,1000,0.129890441894531,0.132894515991211,0.133800506591797,0.134897232055664,0.137901306152344,NA,NA,NA,NA,NA,NA,NA,0
0.8,0.5,0.5,10000,TRUE,1000,0.12509822845459,0.127291679382324,0.12810230255127,0.128912925720215,0.131320953369141,NA,NA,NA,NA,NA,NA,NA,0
0.8,2,2,1,TRUE,1000,5.37819862365723,5.487060546875,5.50711154937744,5.59195280075073,5.74541091918945,NA,NA,NA,NA,NA,NA,NA,0
0.8,2,2,5,TRUE,1000,1.14870071411133,1.17655992507935,1.2143611907959,1.22290849685669,1.28870010375977,NA,NA,NA,NA,NA,NA,NA,0
0.8,2,2,10,TRUE,1000,0.635981559753418,0.647544860839844,0.652003288269043,0.691854953765869,0.75070858001709,NA,NA,NA,NA,NA,NA,NA,0
0.8,2,2,25,TRUE,1000,0.330519676208496,0.336408615112305,0.33879280090332,0.342249870300293,0.350713729858398,NA,NA,NA,NA,NA,NA,NA,0
0.8,2,2,50,TRUE,1000,0.226593017578125,0.229692459106445,0.231099128723145,0.232911109924316,0.237584114074707,NA,NA,NA,NA,NA,NA,NA,0
0.8,2,2,100,TRUE,1000,0.173187255859375,0.176596641540527,0.177693367004395,0.178909301757812,0.182318687438965,NA,NA,NA,NA,NA,NA,NA,0
0.8,2,2,1000,TRUE,1000,0.125908851623535,0.128793716430664,0.12969970703125,0.130796432495117,0.133800506591797,NA,NA,NA,NA,NA,NA,NA,0
0.8,2,2,10000,TRUE,1000,0.120997428894043,0.123286247253418,0.124049186706543,0.124907493591309,0.127291679382324,NA,NA,NA,NA,NA,NA,NA,0
0.8,10,10,1,TRUE,1000,5.38480281829834,5.45494556427002,5.47349452972412,5.50774335861206,5.58598041534424,NA,NA,NA,NA,NA,NA,NA,0
0.8,10,10,5,TRUE,1000,1.13708972930908,1.17014646530151,1.20830535888672,1.21725797653198,1.28769874572754,NA,NA,NA,NA,NA,NA,NA,0
0.8,10,10,10,TRUE,1000,0.631403923034668,0.642204284667969,0.648391246795654,0.689101219177246,0.749611854553223,NA,NA,NA,NA,NA,NA,NA,0
0.8,10,10,25,TRUE,1000,0.326919555664062,0.333809852600098,0.336503982543945,0.340390205383301,0.350093841552734,NA,NA,NA,NA,NA,NA,NA,0
0.8,10,10,50,TRUE,1000,0.223803520202637,0.227999687194824,0.229406356811523,0.231504440307617,0.23658275604248,NA,NA,NA,NA,NA,NA,NA,0
0.8,10,10,100,TRUE,1000,0.172090530395508,0.175189971923828,0.176215171813965,0.177407264709473,0.180697441101074,NA,NA,NA,NA,NA,NA,NA,0
0.8,10,10,1000,TRUE,1000,0.124502182006836,0.127291679382324,0.12819766998291,0.129294395446777,0.132298469543457,NA,NA,NA,NA,NA,NA,NA,0
0.8,10,10,10000,TRUE,1000,0.119900703430176,0.121808052062988,0.122499465942383,0.123405456542969,0.125789642333984,NA,NA,NA,NA,NA,NA,NA,0
0.8,100,100,1,TRUE,1000,5.33039569854736,5.42049407958984,5.44214248657227,5.50774335861206,5.63681125640869,NA,NA,NA,NA,NA,NA,NA,0
0.8,100,100,5,TRUE,1000,1.13320350646973,1.16078853607178,1.19789838790894,1.20699405670166,1.27558708190918,NA,NA,NA,NA,NA,NA,NA,0
0.8,100,100,10,TRUE,1000,0.622296333312988,0.637412071228027,0.642645359039307,0.682103633880615,0.748586654663086,NA,NA,NA,NA,NA,NA,NA,0
0.8,100,100,25,TRUE,1000,0.322318077087402,0.329184532165527,0.331687927246094,0.336050987243652,0.34630298614502,NA,NA,NA,NA,NA,NA,NA,0
0.8,100,100,50,TRUE,1000,0.220084190368652,0.224089622497559,0.225400924682617,0.22740364074707,0.232291221618652,NA,NA,NA,NA,NA,NA,NA,0
0.8,100,100,100,TRUE,1000,0.168108940124512,0.171303749084473,0.17240047454834,0.173807144165039,0.177407264709473,NA,NA,NA,NA,NA,NA,NA,0
0.8,100,100,1000,TRUE,1000,0.121283531188965,0.124096870422363,0.125002861022949,0.126194953918457,0.129318237304688,NA,NA,NA,NA,NA,NA,NA,0
0.8,100,100,10000,TRUE,1000,0.116395950317383,0.118517875671387,0.119280815124512,0.120091438293457,0.122308731079102,NA,NA,NA,NA,NA,NA,NA,0
0.8,10000,10000,1,TRUE,1000,5.34358024597168,5.42080402374268,5.44184446334839,5.52455186843872,5.67841529846191,NA,NA,NA,NA,NA,NA,NA,0
0.8,10000,10000,5,TRUE,1000,1.12919807434082,1.16136074066162,1.19869709014893,1.20794773101807,1.27708911895752,NA,NA,NA,NA,NA,NA,NA,0
0.8,10000,10000,10,TRUE,1000,0.623106956481934,0.637996196746826,0.643205642700195,0.682651996612549,0.738906860351562,NA,NA,NA,NA,NA,NA,NA,0
0.8,10000,10000,25,TRUE,1000,0.322508811950684,0.329196453094482,0.331497192382812,0.336146354675293,0.34639835357666,NA,NA,NA,NA,NA,NA,NA,0
0.8,10000,10000,50,TRUE,1000,0.219583511352539,0.223898887634277,0.225114822387695,0.226998329162598,0.231504440307617,NA,NA,NA,NA,NA,NA,NA,0
0.8,10000,10000,100,TRUE,1000,0.168204307556152,0.171303749084473,0.172305107116699,0.173497200012207,0.176787376403809,NA,NA,NA,NA,NA,NA,NA,0
0.8,10000,10000,1000,TRUE,1000,0.121593475341797,0.124001502990723,0.125002861022949,0.126099586486816,0.129199028015137,NA,NA,NA,NA,NA,NA,NA,0
0.8,10000,10000,10000,TRUE,1000,0.116395950317383,0.118494033813477,0.119280815124512,0.120019912719727,0.122284889221191,NA,NA,NA,NA,NA,NA,NA,0
1.1,-10000,-10000,1,FALSE,1000,5.25600910186768,5.336594581604,5.35473823547363,5.41015863418579,5.51939010620117,-0.0994230092721135,-0.0783087702666222,-0.072193791210102,-0.0641744999860188,-0.0431901806021972,0.051,5.09200096130371,272
1.1,-10000,-10000,5,FALSE,1000,1.09231472015381,1.11889839172363,1.15569829940796,1.16389989852905,1.23050212860107,-0.250369575836476,-0.0894919379848182,-0.0325358346227493,0.0238200902291904,0.192222272651118,0.373,1.13029479980469,17
1.1,-10000,-10000,10,FALSE,1000,0.58739185333252,0.601100921630859,0.605916976928711,0.645613670349121,0.705909729003906,-0.347752185517024,-0.0843183959262549,0.0073776703457878,0.105802140620213,0.384541609534243,0.57,0.610005855560303,13
1.1,-10000,-10000,25,FALSE,1000,0.290298461914062,0.295698642730713,0.297808647155762,0.301694869995117,0.310397148132324,0.0524674198941355,0.0875596609874882,0.100668062842053,0.112149131228283,0.14817470323418,0.871,0.319385528564453,265
1.1,-10000,-10000,50,FALSE,1000,0.189208984375,0.192093849182129,0.193309783935547,0.194990634918213,0.199294090270996,0.14198277972294,0.172770329070659,0.183444410673919,0.194029784208731,0.224614544165026,0.942,0.21970272064209,158
1.1,-10000,-10000,100,FALSE,1000,0.138497352600098,0.14030933380127,0.141096115112305,0.142157077789307,0.14488697052002,0.230610219239034,0.257532435911703,0.267016404217447,0.27686738121847,0.305510054070768,0.967,0.169897079467773,96
1.1,-10000,-10000,1000,FALSE,1000,0.0922918319702148,0.093388557434082,0.0941038131713867,0.0950813293457031,0.0975847244262695,0.354555613868426,0.395239569098784,0.409168803371478,0.422422431231566,0.462171146435283,0.992,0.125002861022949,34
1.1,-10000,-10000,10000,FALSE,1000,0.0871896743774414,0.0880956649780273,0.0885009765625,0.0890970230102539,0.0905990600585938,0.390295425193549,0.423659304938477,0.435548265761567,0.446577268913116,0.476511409400599,1,0.119805335998535,32
1.1,-100,-100,1,FALSE,1000,5.23579120635986,5.30705451965332,5.32859563827515,5.38920164108276,5.51168918609619,-0.0938993787888645,-0.0698494434803313,-0.062126182875537,-0.0534807783993457,-0.0293181384996864,0.069,5.10435104370117,256
1.1,-100,-100,5,FALSE,1000,1.08270645141602,1.11324787139893,1.15089416503906,1.15969181060791,1.22871398925781,-0.205908964311227,-0.0792193939783063,-0.0199686878473617,0.0367281140744055,0.200744184168811,0.39,1.13480091094971,15
1.1,-100,-100,10,FALSE,1000,0.584983825683594,0.599288940429688,0.604701042175293,0.644040107727051,0.710797309875488,-0.334196480565518,-0.0734938559004326,0.0234367039678951,0.122074230215827,0.408036283099951,0.669,0.614404678344727,16
1.1,-100,-100,25,FALSE,1000,0.290799140930176,0.29599666595459,0.298392772674561,0.30219554901123,0.310397148132324,0.0608308928287623,0.0993852222625773,0.112246693393816,0.125143675145543,0.160843527239268,0.871,0.322413444519043,269
1.1,-100,-100,50,FALSE,1000,0.19068717956543,0.193202495574951,0.194501876831055,0.196194648742676,0.200510025024414,0.151365963322285,0.182952476543758,0.193449013814771,0.204687618041238,0.2326230929377,0.944,0.222492218017578,150
1.1,-100,-100,100,FALSE,1000,0.139904022216797,0.141716003417969,0.142502784729004,0.14350414276123,0.146102905273438,0.235343704050246,0.265314560077505,0.27548755922621,0.28563392138873,0.314920601638598,0.971,0.17249584197998,99
1.1,-100,-100,1000,FALSE,1000,0.0936031341552734,0.0952005386352539,0.0957965850830078,0.0966072082519531,0.0987052917480469,0.359842866775055,0.400255513301626,0.413821102557464,0.427275178820816,0.465466243614433,0.999,0.127696990966797,31
1.1,-100,-100,10000,FALSE,1000,0.088810920715332,0.0897884368896484,0.0902175903320312,0.0908851623535156,0.0925064086914062,0.396286324981706,0.428155162092732,0.440361815285279,0.451611406705231,0.486518330941534,1,0.122499465942383,22
1.1,-10,-10,1,FALSE,1000,5.23350238800049,5.31063079833984,5.33159971237183,5.39073944091797,5.51090240478516,-0.088533497196494,-0.0676163552762091,-0.0614074164160868,-0.0532932878075764,-0.032443678154019,0.068,5.10745048522949,238
1.1,-10,-10,5,FALSE,1000,1.09288692474365,1.11513137817383,1.15150213241577,1.16009712219238,1.22621059417725,-0.246592229707438,-0.0751892039759815,-0.0165768554075893,0.0398234463609516,0.208019206570536,0.404,1.13940238952637,23
1.1,-10,-10,10,FALSE,1000,0.58751106262207,0.600790977478027,0.606250762939453,0.644898414611816,0.707006454467773,-0.349374596394264,-0.0683942335460718,0.0264472132942782,0.119078563346905,0.394630819589664,0.665,0.617396831512451,18
1.1,-10,-10,25,FALSE,1000,0.290989875793457,0.296688079833984,0.29900074005127,0.30285120010376,0.312018394470215,0.0758608197764831,0.114834899061852,0.127329156927145,0.140984472422955,0.179686799891553,0.882,0.326395034790039,280
1.1,-10,-10,50,FALSE,1000,0.190377235412598,0.193905830383301,0.195002555847168,0.196599960327148,0.200605392456055,0.17364631454977,0.20335096382755,0.213829952738965,0.223615586810192,0.253767943066912,0.94,0.226211547851562,152
1.1,-10,-10,100,FALSE,1000,0.14040470123291,0.142407417297363,0.143194198608398,0.144195556640625,0.146794319152832,0.262375702888297,0.290963082278045,0.30043758094459,0.311513224363481,0.341062325447355,0.967,0.176382064819336,105
1.1,-10,-10,1000,FALSE,1000,0.0944852828979492,0.0957012176513672,0.0963926315307617,0.097203254699707,0.0993967056274414,0.397721802651557,0.436068023029368,0.449034061539702,0.461808617899635,0.498900444054048,0.994,0.131678581237793,41
1.1,-10,-10,10000,FALSE,1000,0.0893831253051758,0.0902891159057617,0.090789794921875,0.0913858413696289,0.0930070877075195,0.432132884743681,0.463725622479589,0.475321269643882,0.48677453682986,0.520022128526068,1,0.126314163208008,27
1.1,-2,-2,1,FALSE,1000,5.28411865234375,5.3521990776062,5.37201166152954,5.40111064910889,5.47139644622803,-0.0820965116488291,-0.0591972422116473,-0.0516936719399274,-0.0436360757013345,-0.0210971718994547,0.063,5.17926216125488,163
1.1,-2,-2,5,FALSE,1000,1.10709667205811,1.12895965576172,1.16925239562988,1.17839574813843,1.24409198760986,-0.245024280558518,-0.0802640617374818,-0.025665676126016,0.0353607971387281,0.15674425793486,0.374,1.15145444869995,25
1.1,-2,-2,10,FALSE,1000,0.604009628295898,0.613307952880859,0.618195533752441,0.660192966461182,0.716710090637207,-0.361696428967507,-0.0902421365266719,0.00680518426329034,0.104735655790043,0.383271099136785,0.555,0.621151924133301,15
1.1,-2,-2,25,FALSE,1000,0.303196907043457,0.308895111083984,0.311100482940674,0.315499305725098,0.324201583862305,0.0220456319346835,0.06369135979561,0.0785570930114038,0.0951213438578676,0.130075669536931,0.858,0.328707695007324,277
1.1,-2,-2,50,FALSE,1000,0.200796127319336,0.204682350158691,0.205898284912109,0.207805633544922,0.212407112121582,0.092218376854117,0.128696682914539,0.141289818463179,0.153015896637504,0.18896084944372,0.938,0.227189064025879,140
1.1,-2,-2,100,FALSE,1000,0.150108337402344,0.152683258056641,0.153517723083496,0.154709815979004,0.157690048217773,0.159618941402851,0.191720408110318,0.203005176401094,0.213375592184281,0.24518238332417,0.953,0.176596641540527,110
1.1,-2,-2,1000,FALSE,1000,0.104188919067383,0.105595588684082,0.106287002563477,0.107121467590332,0.109410285949707,0.2610656550345,0.293645115590552,0.304196574940573,0.315589153293156,0.345044956141835,0.997,0.13129711151123,50
1.1,-2,-2,10000,FALSE,1000,0.0987052917480469,0.100207328796387,0.100803375244141,0.101494789123535,0.103402137756348,0.276282589191626,0.311005685778893,0.322882730391971,0.33451878817454,0.368691661475942,1,0.126099586486816,24
1.1,-0.5,-0.5,1,FALSE,1000,5.26888370513916,5.32248020172119,5.34319877624512,5.37394285202026,5.45070171356201,-0.0726890382856359,-0.0502373284342384,-0.0427935915462763,-0.0346755209013521,-0.0136934621420193,0.075,5.18319606781006,175
1.1,-0.5,-0.5,5,FALSE,1000,1.10068321228027,1.12314224243164,1.16305351257324,1.1713981628418,1.24149322509766,-0.207703937805005,-0.0723821630742937,-0.0150356422533445,0.0428176749564393,0.197656162110185,0.411,1.15170478820801,10
1.1,-0.5,-0.5,10,FALSE,1000,0.599503517150879,0.609803199768066,0.61490535736084,0.656557083129883,0.716900825500488,-0.329419093756575,-0.0810264781210494,0.0161823943765799,0.113934069149607,0.396119414767493,0.636,0.621199607849121,11
1.1,-0.5,-0.5,25,FALSE,1000,0.301504135131836,0.307679176330566,0.30970573425293,0.313496589660645,0.321817398071289,0.0251039864589606,0.0673108894131302,0.0816889039636525,0.0981307635264858,0.14124195353664,0.868,0.327956676483154,261
1.1,-0.5,-0.5,50,FALSE,1000,0.200200080871582,0.204205513000488,0.205409526824951,0.207114219665527,0.211095809936523,0.0932699803881845,0.129240392863273,0.140711831641855,0.153955801488613,0.190771707452664,0.953,0.226497650146484,126
1.1,-0.5,-0.5,100,FALSE,1000,0.149893760681152,0.152397155761719,0.153303146362305,0.154495239257812,0.157594680786133,0.156908555637687,0.188205922493604,0.19945039890545,0.20943811764929,0.239983550595944,0.975,0.176095962524414,98
1.1,-0.5,-0.5,1000,FALSE,1000,0.103497505187988,0.105595588684082,0.106287002563477,0.107097625732422,0.109314918518066,0.248997035760119,0.284820687482457,0.296871947758934,0.309773574396843,0.346914958680031,0.997,0.130510330200195,49
1.1,-0.5,-0.5,10000,FALSE,1000,0.0982046127319336,0.100207328796387,0.100898742675781,0.101709365844727,0.10380744934082,0.265439080297597,0.301581205463912,0.315141485474933,0.325962952677503,0.361917528037391,1,0.125408172607422,30
1.1,0.5,0.5,1,FALSE,1000,5.20849227905273,5.28730154037476,5.30655384063721,5.37159442901611,5.49328327178955,-0.100551211820113,-0.0781426148041592,-0.0706330490653865,-0.0628284229151301,-0.0403120326491791,0.059,5.05290031433105,248
1.1,0.5,0.5,5,FALSE,1000,1.09059810638428,1.11570358276367,1.15349292755127,1.16250514984131,1.23069286346436,-0.251913712106486,-0.110757043464939,-0.0504132567583238,0.0053852723394158,0.177169650663614,0.312,1.11320018768311,28
1.1,0.5,0.5,10,FALSE,1000,0.590395927429199,0.604891777038574,0.610017776489258,0.649356842041016,0.712490081787109,-0.41735136511709,-0.131615420262586,-0.038341740525788,0.0630226816110874,0.329921173568142,0.331,0.593650341033936,10
1.1,0.5,0.5,25,FALSE,1000,0.297284126281738,0.303101539611816,0.305390357971191,0.308799743652344,0.317215919494629,-0.0564734283899039,-0.0174266303441878,-0.00571663964569658,0.00950001786624595,0.0432924890049191,0.386,0.304293632507324,258
1.1,0.5,0.5,50,FALSE,1000,0.197792053222656,0.200915336608887,0.202178955078125,0.203895568847656,0.208306312561035,-0.0201496996214072,0.0121137348374981,0.0226827546431429,0.0339096904742405,0.066063839679588,0.884,0.205302238464355,169
1.1,0.5,0.5,100,FALSE,1000,0.147104263305664,0.14951229095459,0.150394439697266,0.151515007019043,0.154495239257812,0.0122954532470687,0.0441212277982457,0.055131916497945,0.0674630500136683,0.101483945340436,0.957,0.156307220458984,102
1.1,0.5,0.5,1000,FALSE,1000,0.1007080078125,0.103092193603516,0.103795528411865,0.104689598083496,0.107002258300781,0.0560125228618871,0.0966897384055719,0.110976471628647,0.124239523667132,0.16492223429086,0.994,0.112104415893555,34
1.1,0.5,0.5,10000,FALSE,1000,0.0959873199462891,0.0976800918579102,0.0982999801635742,0.0989913940429688,0.100922584533691,0.0735417008628552,0.107352070813986,0.120069124779901,0.135159984391072,0.176344250608263,0.996,0.10688304901123,12
1.1,2,2,1,FALSE,1000,5.32798767089844,5.42418956756592,5.44290542602539,5.49145936965942,5.59098720550537,-0.14332900260606,-0.121049048276521,-0.115213847369122,-0.106009391552321,-0.0838704535715496,0.023,5.02681732177734,241
1.1,2,2,5,FALSE,1000,1.12519264221191,1.15249156951904,1.18985176086426,1.19844675064087,1.26628875732422,-0.372851991375123,-0.205023052877147,-0.145103975612545,-0.0877282992010223,0.0496840627182429,0.025,1.07681751251221,27
1.1,2,2,10,FALSE,1000,0.612616539001465,0.626194477081299,0.631904602050781,0.671100616455078,0.738215446472168,-0.538214986293695,-0.271381057645866,-0.17787702770107,-0.069751902396451,0.121146603981638,0.016,0.556612014770508,12
1.1,2,2,25,FALSE,1000,0.30970573425293,0.315999984741211,0.318408012390137,0.322508811950684,0.332117080688477,-0.301043421706954,-0.255325632523152,-0.240501380907734,-0.224577036472247,-0.179710348877085,0.06,0.269603729248047,279
1.1,2,2,50,FALSE,1000,0.206398963928223,0.210905075073242,0.212192535400391,0.214195251464844,0.219106674194336,-0.355094958822562,-0.323348771386355,-0.312196200438018,-0.301480693152277,-0.268861965554708,0.052,0.17094612121582,159
1.1,2,2,100,FALSE,1000,0.156307220458984,0.158596038818359,0.159406661987305,0.160694122314453,0.163793563842773,-0.428972610211036,-0.396881156471827,-0.385580651779929,-0.375212580522104,-0.342770532534823,0.022,0.12199878692627,96
1.1,2,2,1000,FALSE,1000,0.108814239501953,0.110995769500732,0.111699104309082,0.112700462341309,0.115203857421875,-0.564740622585543,-0.529506397228497,-0.516413864544902,-0.503690918509537,-0.46517357943172,0,0.0781059265136719,40
1.1,2,2,10000,FALSE,1000,0.104188919067383,0.105595588684082,0.106191635131836,0.106978416442871,0.109004974365234,-0.584962500721156,-0.552336620046261,-0.54097814584201,-0.528382578296273,-0.492869697085988,0.001,0.0730037689208984,21
1.1,10,10,1,FALSE,1000,5.3865909576416,5.45358657836914,5.47620058059692,5.50603866577148,5.5837869644165,-0.144712849112236,-0.119125780775841,-0.110405738004726,-0.10206758065428,-0.076666770812619,0.024,5.06714582443237,148
1.1,10,10,5,FALSE,1000,1.13298892974854,1.15605592727661,1.19520425796509,1.20425224304199,1.27620697021484,-0.397461693046156,-0.219337471636633,-0.159552794804273,-0.100029220338727,0.0746107608459089,0.017,1.07235908508301,21
1.1,10,10,10,FALSE,1000,0.618696212768555,0.62861442565918,0.633502006530762,0.675606727600098,0.74000358581543,-0.600847080407314,-0.308708922622618,-0.212559351882019,-0.101896516682693,0.142115034522203,0.011,0.546813011169434,8
1.1,10,10,25,FALSE,1000,0.312519073486328,0.317502021789551,0.319790840148926,0.323295593261719,0.331711769104004,-0.372163210681172,-0.330658087808772,-0.314130632986253,-0.295628732956638,-0.256102252056915,0.01,0.257396697998047,284
1.1,10,10,50,FALSE,1000,0.20759105682373,0.210809707641602,0.212001800537109,0.213980674743652,0.218510627746582,-0.485394962363869,-0.447659782192437,-0.435014925039877,-0.42087984378023,-0.380821783940931,0.016,0.15711784362793,152
1.1,10,10,100,FALSE,1000,0.15568733215332,0.157618522644043,0.158596038818359,0.159621238708496,0.162601470947266,-0.607511361163019,-0.57487167354327,-0.563629897042805,-0.551331447650796,-0.516079679312027,0.015,0.107312202453613,99
1.1,10,10,1000,FALSE,1000,0.107789039611816,0.109601020812988,0.110316276550293,0.111293792724609,0.113797187805176,-0.870115734852587,-0.829861904694228,-0.817232398775945,-0.802866639684269,-0.76293227261479,0.003,0.0626087188720703,48
1.1,10,10,10000,FALSE,1000,0.102710723876953,0.104284286499023,0.104904174804688,0.105690956115723,0.107789039611816,-0.91115274013826,-0.874929936811187,-0.862766057692949,-0.849580005224103,-0.813226772171054,0.001,0.0576019287109375,32
1.1,100,100,1,FALSE,1000,5.59191703796387,5.66830635070801,5.68969249725342,5.74530363082886,5.85908889770508,-0.211545003693873,-0.189059263085308,-0.181674531827956,-0.173778296756945,-0.151010018282146,0.018,5.01220226287842,261
1.1,100,100,5,FALSE,1000,1.16820335388184,1.19915008544922,1.23674869537354,1.24620199203491,1.3153076171875,-0.456494286788569,-0.283489663767289,-0.221511054297421,-0.167419818292269,-0.00468117054255084,0.013,1.06079578399658,21
1.1,100,100,10,FALSE,1000,0.635290145874023,0.649309158325195,0.654149055480957,0.692915916442871,0.754690170288086,-0.653858239546558,-0.361497704181478,-0.276437908086048,-0.163491289221408,0.110994984960916,0.013,0.540244579315186,12
1.1,100,100,25,FALSE,1000,0.319695472717285,0.32498836517334,0.327515602111816,0.330948829650879,0.339818000793457,-0.425949475513599,-0.38689402860176,-0.37289858061148,-0.358537866387173,-0.317021835927512,0.005,0.252795219421387,241
1.1,100,100,50,FALSE,1000,0.211095809936523,0.214815139770508,0.216007232666016,0.217914581298828,0.222492218017578,-0.523859477329401,-0.497244680697131,-0.487323348912558,-0.476583668313212,-0.446388562524154,0.004,0.154209136962891,177
1.1,100,100,100,FALSE,1000,0.156283378601074,0.159382820129395,0.160312652587891,0.161600112915039,0.164890289306641,-0.646523478528739,-0.616785949862154,-0.60683932738667,-0.596274176311634,-0.566466157103767,0.003,0.10521411895752,127
1.1,100,100,1000,FALSE,1000,0.107693672180176,0.109505653381348,0.110220909118652,0.11131763458252,0.114011764526367,-0.90097438303594,-0.859839991600911,-0.846394352439565,-0.831421242132673,-0.789507572045007,0,0.0613212585449219,42
1.1,100,100,10000,FALSE,1000,0.10228157043457,0.103998184204102,0.104498863220215,0.105190277099609,0.106906890869141,-0.938863651326283,-0.904287642468527,-0.893509709546035,-0.881172393169126,-0.846543708735109,0,0.0561952590942383,31
1.1,10000,10000,1,FALSE,1000,5.91368675231934,6.00054264068604,6.02126121520996,6.09349012374878,6.23199939727783,-0.297832812499075,-0.273065756344486,-0.265153197970773,-0.255895154659779,-0.230535873416774,0.027,5.01240491867065,249
1.1,10000,10000,5,FALSE,1000,1.2437105178833,1.27184391021729,1.30889415740967,1.31819248199463,1.38578414916992,-0.514779818741238,-0.366988722635503,-0.303232080634727,-0.253461569504944,-0.0839405926400157,0.009,1.06000900268555,18
1.1,10000,10000,10,FALSE,1000,0.67591667175293,0.691092014312744,0.69580078125,0.734102725982666,0.797510147094727,-0.732249889748175,-0.446883341774315,-0.364300607648737,-0.25138499616988,0.0328542723976067,0.007,0.54013729095459,6
1.1,10000,10000,25,FALSE,1000,0.340104103088379,0.346243381500244,0.348591804504395,0.353097915649414,0.362896919250488,-0.521019559692942,-0.478291041694882,-0.46569193071588,-0.449175218317339,-0.407390020996514,0.001,0.252699851989746,266
1.1,10000,10000,50,FALSE,1000,0.226092338562012,0.229716300964355,0.231099128723145,0.233101844787598,0.23810863494873,-0.625688233805928,-0.595770543269893,-0.585674442183923,-0.574505275592879,-0.542765314474565,0,0.15408992767334,158
1.1,10000,10000,100,FALSE,1000,0.168800354003906,0.171303749084473,0.172281265258789,0.173807144165039,0.177502632141113,-0.753026171833172,-0.722061077551863,-0.711251390321932,-0.700514799850288,-0.669237064340448,0.003,0.10528564453125,91
1.1,10000,10000,1000,FALSE,1000,0.116300582885742,0.118398666381836,0.119304656982422,0.12059211730957,0.123810768127441,-1.01873474679622,-0.973855592953432,-0.960146861397281,-0.943661833623716,-0.900502478349573,0,0.0613212585449219,34
1.1,10000,10000,10000,FALSE,1000,0.111079216003418,0.112509727478027,0.113201141357422,0.114107131958008,0.116491317749023,-1.05719110683013,-1.02141188389342,-1.00989117855983,-0.997320549509765,-0.961816806112112,0,0.0560998916625977,38
5,-10000,-10000,1,FALSE,1000,5.37571907043457,5.45930862426758,5.48009872436523,5.54120540618896,5.66360950469971,-0.0908182481904952,-0.066729720167871,-0.0594102034694562,-0.0504614490434647,-0.0267920625282629,0.075,5.25734424591064,257
5,-10000,-10000,5,FALSE,1000,1.12760066986084,1.15929841995239,1.19638442993164,1.2052059173584,1.2721061706543,-0.275870625536577,-0.115436521881556,-0.0575378066932175,-0.00327655256912579,0.163227849098539,0.21,1.14920139312744,22
5,-10000,-10000,10,FALSE,1000,0.616717338562012,0.630199909210205,0.635600090026855,0.675702095031738,0.742101669311523,-0.41450110270152,-0.154431048736083,-0.0608907740304631,0.0343936646535402,0.172541295450707,0.299,0.609302520751953,15
5,-10000,-10000,25,FALSE,1000,0.312399864196777,0.318408012390137,0.320696830749512,0.325894355773926,0.337004661560059,-0.120107725645541,-0.0723647355310941,-0.0567795017365507,-0.0404299675807061,0.00542530362913061,0.135,0.308489799499512,282
5,-10000,-10000,50,FALSE,1000,0.208401679992676,0.212287902832031,0.213503837585449,0.215351581573486,0.21979808807373,-0.0948209796788625,-0.066772439386188,-0.0574248495022421,-0.0480407081732395,-0.020276047830288,0.078,0.205111503601074,163
5,-10000,-10000,100,FALSE,1000,0.156402587890625,0.159001350402832,0.159907341003418,0.161051750183105,0.164103507995605,-0.0940511343074683,-0.067419754542123,-0.058238803464744,-0.0491118047680116,-0.0226792572535181,0.039,0.153589248657227,104
5,-10000,-10000,1000,FALSE,1000,0.109100341796875,0.111055374145508,0.111889839172363,0.112700462341309,0.115084648132324,-0.110140484919323,-0.074770310296634,-0.0625125708477281,-0.0511808829182894,-0.0171436018050389,0.011,0.107002258300781,39
5,-10000,-10000,10000,FALSE,1000,0.104093551635742,0.105690956115723,0.106191635131836,0.107002258300781,0.108909606933594,-0.108135768293212,-0.0750522849911553,-0.0637777367440024,-0.0529275089810402,-0.022117025701266,0.004,0.101685523986816,31
5,-100,-100,1,FALSE,1000,5.3441047668457,5.43345212936401,5.45436143875122,5.52000999450684,5.64849376678467,-0.0840553001107998,-0.0599053730438318,-0.0515604981035721,-0.0428928140461104,-0.0174829652568598,0.077,5.26020526885986,222
5,-100,-100,5,FALSE,1000,1.12729072570801,1.15334987640381,1.19080543518066,1.20019912719727,1.26650333404541,-0.271089980879842,-0.108562005887522,-0.0536971333296833,0.00171283306284088,0.162880631887876,0.269,1.14815235137939,25
5,-100,-100,10,FALSE,1000,0.609493255615234,0.626802444458008,0.631809234619141,0.670599937438965,0.731706619262695,-0.42355765432657,-0.143229510452942,-0.0521169705415813,0.0451306647198053,0.283027458610031,0.32,0.609397888183594,15
5,-100,-100,25,FALSE,1000,0.311589241027832,0.316786766052246,0.31898021697998,0.323009490966797,0.332188606262207,-0.0953150486600696,-0.0603622375270244,-0.0491315691847231,-0.0354503688351065,-0.00131263489915591,0.112,0.30829906463623,228
5,-100,-100,50,FALSE,1000,0.207400321960449,0.210905075073242,0.21209716796875,0.213789939880371,0.218105316162109,-0.0866286494003795,-0.059646172024901,-0.0498027225633355,-0.0401761954181446,-0.0114737482836615,0.072,0.204992294311523,144
5,-100,-100,100,FALSE,1000,0.155401229858398,0.158095359802246,0.158905982971191,0.160098075866699,0.163006782531738,-0.0880991839972094,-0.0595136921145946,-0.0502338770577935,-0.0403669627117214,-0.0117363606278528,0.037,0.153553485870361,95
5,-100,-100,1000,FALSE,1000,0.10840892791748,0.110411643981934,0.111198425292969,0.112199783325195,0.114798545837402,-0.104804457320705,-0.0665818494441967,-0.0547602674312553,-0.0405804747978014,-0.0028113585529588,0.019,0.107097625732422,39
5,-100,-100,10000,FALSE,1000,0.103402137756348,0.104999542236328,0.105595588684082,0.106406211853027,0.108504295349121,-0.100510521148105,-0.0663554452046691,-0.0548407108365017,-0.0428316642474078,-0.00824493637848013,0.012,0.101685523986816,34
5,-10,-10,1,FALSE,1000,5.3286075592041,5.40469884872437,5.42525053024292,5.48045635223389,5.59358596801758,-0.0731390362506124,-0.0514759027721337,-0.0453318705224382,-0.0369213692581175,-0.015557024856801,0.098,5.25434017181396,249
5,-10,-10,5,FALSE,1000,1.11770629882812,1.15079879760742,1.18694305419922,1.19540691375732,1.25939846038818,-0.252891170686952,-0.100093006904623,-0.0421344576275565,0.00982229199918078,0.172289987329616,0.346,1.15189552307129,16
5,-10,-10,10,FALSE,1000,0.6134033203125,0.627052783966064,0.631952285766602,0.669646263122559,0.731086730957031,-0.390687099909276,-0.13457667364657,-0.0403751132970588,0.054416435460203,0.302087041635579,0.343,0.613141059875488,19
5,-10,-10,25,FALSE,1000,0.312995910644531,0.318098068237305,0.32041072845459,0.324249267578125,0.333309173583984,-0.0942560067240357,-0.0547095283640329,-0.0418531901125804,-0.0277137572303267,0.0114196710737972,0.138,0.31130313873291,277
5,-10,-10,50,FALSE,1000,0.209403038024902,0.213098526000977,0.214314460754395,0.216209888458252,0.220704078674316,-0.0820982214796593,-0.0535863178692312,-0.0434349516068559,-0.0329164933122145,-0.00335566367809856,0.077,0.207901000976562,174
5,-10,-10,100,FALSE,1000,0.157403945922852,0.160384178161621,0.161314010620117,0.162482261657715,0.165605545043945,-0.0816327013587332,-0.0548231540350904,-0.0457551650320239,-0.0359612279604341,-0.00797607059795559,0.044,0.156211853027344,105
5,-10,-10,1000,FALSE,1000,0.111198425292969,0.113010406494141,0.113892555236816,0.114893913269043,0.11751651763916,-0.100962962385873,-0.0641986200094724,-0.0505390221412691,-0.0388654392402174,-0.00122887148902652,0.019,0.10979175567627,36
5,-10,-10,10000,FALSE,1000,0.105595588684082,0.107598304748535,0.10828971862793,0.109004974365234,0.111103057861328,-0.0923175048561675,-0.061608674710653,-0.0513491791707837,-0.0407242287376083,-0.00964801884290967,0.007,0.104403495788574,25
5,-2,-2,1,FALSE,1000,5.35070896148682,5.42734861373901,5.44610023498535,5.47969341278076,5.55410385131836,-0.0603655556943932,-0.0358085583620858,-0.0281315369891423,-0.0192662129501836,0.00541436723507688,0.091,5.33894300460815,162
5,-2,-2,5,FALSE,1000,1.12948417663574,1.15145444869995,1.1892557144165,1.19775533676147,1.26688480377197,-0.227127889268348,-0.0648684564747721,-0.00606708194927646,0.047009821731134,0.190902240071511,0.464,1.18341445922852,11
5,-2,-2,10,FALSE,1000,0.614500045776367,0.626587867736816,0.631809234619141,0.673103332519531,0.735616683959961,-0.342692456570758,-0.0854785595801476,0.0112136705342696,0.103592255890956,0.350178839522208,0.612,0.636196136474609,11
5,-2,-2,25,FALSE,1000,0.311803817749023,0.317704677581787,0.319910049438477,0.32355785369873,0.332093238830566,-0.00167536095574748,0.044962738500479,0.0596960481242364,0.0775338693181022,0.12374274924657,0.873,0.333786010742188,252
5,-2,-2,50,FALSE,1000,0.209188461303711,0.212383270263672,0.21359920501709,0.215601921081543,0.220417976379395,0.0456183666927468,0.0843032545999827,0.0972765624490793,0.110533141097888,0.148604706690055,0.931,0.228714942932129,146
5,-2,-2,100,FALSE,1000,0.156903266906738,0.159502029418945,0.160312652587891,0.161504745483398,0.164508819580078,0.0885568092102323,0.125732065758906,0.138195326592836,0.15203547758641,0.19112120300885,0.968,0.176787376403809,88
5,-2,-2,1000,FALSE,1000,0.109720230102539,0.111699104309082,0.112390518188477,0.113296508789062,0.115489959716797,0.143831382979339,0.188101845340616,0.203895356248473,0.219448886851909,0.266013165653594,0.999,0.129508972167969,31
5,-2,-2,10000,FALSE,1000,0.104784965515137,0.106310844421387,0.106906890869141,0.107693672180176,0.109696388244629,0.159095742559612,0.200683184207992,0.215155310982765,0.230135507274646,0.274187385205711,0.999,0.124216079711914,24
5,-0.5,-0.5,1,FALSE,1000,5.35449981689453,5.42584657669067,5.44711351394653,5.47705888748169,5.54859638214111,-0.0596395332939412,-0.0360573113687603,-0.028840456209802,-0.020193962041409,0.00284092088176693,0.085,5.33359050750732,164
5,-0.5,-0.5,5,FALSE,1000,1.13098621368408,1.15364789962769,1.19290351867676,1.20234489440918,1.27489566802979,-0.227355215574144,-0.074184005254879,-0.0146872890381434,0.0385061081864312,0.207018567687691,0.426,1.17979049682617,17
5,-0.5,-0.5,10,FALSE,1000,0.61790943145752,0.630903244018555,0.636887550354004,0.678110122680664,0.74770450592041,-0.388351971193771,-0.107087678880433,-0.00841704910981213,0.085336845308083,0.357026604064359,0.419,0.631952285766602,9
5,-0.5,-0.5,25,FALSE,1000,0.315093994140625,0.322103500366211,0.324201583862305,0.328207015991211,0.336694717407227,-0.0383577095506635,0.00691496503519501,0.0211534366750579,0.0380702654273112,0.0835721197116497,0.808,0.329399108886719,251
5,-0.5,-0.5,50,FALSE,1000,0.213098526000977,0.21660327911377,0.217914581298828,0.21970272064209,0.22430419921875,-0.00825010531730318,0.0292840828285959,0.041407362069078,0.0554728197955989,0.0938833905251421,0.928,0.224494934082031,152
5,-0.5,-0.5,100,FALSE,1000,0.161194801330566,0.163984298706055,0.164794921875,0.165891647338867,0.168704986572266,0.0160680490496653,0.0508548294032042,0.0634084622956184,0.0755892147712735,0.112011050411456,0.964,0.17240047454834,93
5,-0.5,-0.5,1000,FALSE,1000,0.114011764526367,0.116109848022461,0.116801261901855,0.117802619934082,0.120306015014648,0.0377160929274821,0.0818231814483849,0.0971628488140429,0.113470565773934,0.160264352455977,0.992,0.12509822845459,31
5,-0.5,-0.5,10000,FALSE,1000,0.109100341796875,0.110793113708496,0.11141300201416,0.112199783325195,0.114297866821289,0.0477757245694137,0.0891082664534518,0.103452728436856,0.117015617483577,0.158169783923681,1,0.11974573135376,29
5,0.5,0.5,1,FALSE,1000,5.30970096588135,5.39133548736572,5.41269779205322,5.47540187835693,5.60059547424316,-0.136013783267601,-0.109300026137095,-0.102429941367638,-0.0914848713128041,-0.0647876456472257,0.034,5.04180192947388,230
5,0.5,0.5,5,FALSE,1000,1.12440586090088,1.15029811859131,1.18730068206787,1.1970043182373,1.26700401306152,-0.317262836791172,-0.178239479309604,-0.11860185736255,-0.0637662257169997,0.0762079881569978,0.024,1.09419822692871,15
5,0.5,0.5,10,FALSE,1000,0.612902641296387,0.62868595123291,0.635099411010742,0.673747062683105,0.734782218933105,-0.507033690813976,-0.23235623882436,-0.144522812916422,-0.039399055626602,0.162702344896872,0.04,0.574684143066406,12
5,0.5,0.5,25,FALSE,1000,0.31430721282959,0.320255756378174,0.322794914245605,0.326848030090332,0.336694717407227,-0.226723920546724,-0.182554744972066,-0.168649378222568,-0.151925768152823,-0.110189666932518,0.125,0.287306308746338,265
5,0.5,0.5,50,FALSE,1000,0.212478637695312,0.21589994430542,0.217199325561523,0.218987464904785,0.223612785339355,-0.247558773495025,-0.215055327812837,-0.204554092266357,-0.193053489709092,-0.163683032816303,0.06,0.188398361206055,156
5,0.5,0.5,100,FALSE,1000,0.161194801330566,0.163507461547852,0.164389610290527,0.165605545043945,0.168704986572266,-0.284183723662562,-0.248767770443294,-0.236618754653004,-0.224703931735885,-0.18968373897232,0.028,0.139594078063965,94
5,0.5,0.5,1000,FALSE,1000,0.113987922668457,0.116300582885742,0.117087364196777,0.118148326873779,0.120902061462402,-0.354594283807685,-0.30832754964281,-0.293025954890866,-0.276467251926996,-0.228954084897077,0.006,0.0956058502197266,31
5,0.5,0.5,10000,FALSE,1000,0.108909606933594,0.110721588134766,0.11141300201416,0.112199783325195,0.11441707611084,-0.353687417023663,-0.314504462737815,-0.301366571328526,-0.287820620936102,-0.247888988668468,0.001,0.0904440879821777,28
5,2,2,1,FALSE,1000,5.30381202697754,5.39164543151855,5.41331768035889,5.47598600387573,5.60140609741211,-0.135462574080042,-0.112625472658442,-0.105443064970137,-0.0972161730911765,-0.0751474954054134,0.029,5.02843856811523,268
5,2,2,5,FALSE,1000,1.1181116104126,1.14469528198242,1.18204355239868,1.19099617004395,1.25899314880371,-0.340931065774532,-0.188482301719735,-0.126997993367972,-0.072027433499073,0.0957084543660855,0.027,1.08158588409424,28
5,2,2,10,FALSE,1000,0.610899925231934,0.621700286865234,0.62720775604248,0.666403770446777,0.729894638061523,-0.539663730944207,-0.249694060253908,-0.154605097111803,-0.0466182064169575,0.219345978684052,0.033,0.56225061416626,17
5,2,2,25,FALSE,1000,0.308108329772949,0.313901901245117,0.316596031188965,0.320744514465332,0.330996513366699,-0.261359963764568,-0.220320798128305,-0.206126391498663,-0.19052516583022,-0.147586202180531,0.113,0.274491310119629,280
5,2,2,50,FALSE,1000,0.205898284912109,0.20911693572998,0.210309028625488,0.211811065673828,0.215601921081543,-0.297013751760193,-0.269291722516599,-0.259619498318526,-0.247973956277789,-0.216412929352985,0.066,0.175690650939941,148
5,2,2,100,FALSE,1000,0.153899192810059,0.156593322753906,0.157594680786133,0.15869140625,0.16181468963623,-0.356236038339236,-0.325888093443086,-0.314908363985511,-0.304232670244099,-0.272563302714476,0.033,0.12669563293457,93
5,2,2,1000,FALSE,1000,0.107383728027344,0.109410285949707,0.110197067260742,0.111198425292969,0.113797187805176,-0.467927008305259,-0.426955614859215,-0.414204964579484,-0.398856634493681,-0.358771011907245,0.002,0.082707405090332,33
5,2,2,10000,FALSE,1000,0.102400779724121,0.104022026062012,0.104594230651855,0.105404853820801,0.107479095458984,-0.478473756260834,-0.44261566100801,-0.430569389464574,-0.417689835620105,-0.381556661407002,0,0.0776052474975586,27
5,10,10,1,FALSE,1000,5.40628433227539,5.48660755157471,5.50975799560547,5.54190874099731,5.62398433685303,-0.152519098227797,-0.12834918083949,-0.1206896905208,-0.111019237627001,-0.0875293632118908,0.026,5.06434440612793,160
5,10,10,5,FALSE,1000,1.14030838012695,1.1646032333374,1.20314359664917,1.21150016784668,1.27420425415039,-0.390699678095868,-0.223590097478878,-0.164533496307776,-0.107800536295007,0.0646838521351367,0.016,1.07475519180298,9
5,10,10,10,FALSE,1000,0.622391700744629,0.633001327514648,0.638604164123535,0.678801536560059,0.743603706359863,-0.596042152627489,-0.309129073421658,-0.2142496987598,-0.101713727492735,0.204257229805999,0.013,0.550198554992676,11
5,10,10,25,FALSE,1000,0.314497947692871,0.32050609588623,0.322651863098145,0.326251983642578,0.334715843200684,-0.380845559462667,-0.328989190448893,-0.312209944269539,-0.293886297816959,-0.242258188819492,0.013,0.260114669799805,257
5,10,10,50,FALSE,1000,0.209403038024902,0.212693214416504,0.213849544525146,0.215792655944824,0.220394134521484,-0.476845716126448,-0.437237870884091,-0.424623272807182,-0.410477956262835,-0.37428746392458,0.012,0.159502029418945,137
5,10,10,100,FALSE,1000,0.156593322753906,0.159001350402832,0.159907341003418,0.161051750183105,0.164103507995605,-0.588228782654409,-0.554653017696917,-0.542645458530407,-0.531019590859603,-0.495703768048129,0.011,0.109696388244629,108
5,10,10,1000,FALSE,1000,0.108695030212402,0.110697746276855,0.11141300201416,0.112295150756836,0.114607810974121,-0.828724033910894,-0.789366255320392,-0.776235711678765,-0.76305061554432,-0.725801088434004,0.003,0.0650167465209961,49
5,10,10,10000,FALSE,1000,0.103521347045898,0.10528564453125,0.105905532836914,0.10678768157959,0.109004974365234,-0.87244515648436,-0.832307625572594,-0.819504696041933,-0.80547712378119,-0.76583271782433,0.001,0.0600099563598633,43
5,100,100,1,FALSE,1000,5.56180477142334,5.66530227661133,5.68679571151733,5.75284957885742,5.88338375091553,-0.212728832787119,-0.189279814097322,-0.182761318036762,-0.172690302333999,-0.148148433567431,0.04,5.00860214233398,279
5,100,100,5,FALSE,1000,1.16879940032959,1.198410987854,1.23641490936279,1.24571323394775,1.31440162658691,-0.442027668174806,-0.282105587397845,-0.219703620895719,-0.167565317306751,-0.00755723300622412,0.013,1.06110572814941,22
5,100,100,10,FALSE,1000,0.634598731994629,0.649404525756836,0.654745101928711,0.69429874420166,0.761008262634277,-0.664445707912893,-0.366207513616434,-0.275149904291302,-0.164451042441561,0.125757971919052,0.014,0.540506839752197,14
5,100,100,25,FALSE,1000,0.31898021697998,0.325107574462891,0.327455997467041,0.331401824951172,0.340795516967773,-0.428209007722701,-0.388855776968914,-0.375049946034964,-0.359276980964604,-0.31548777471244,0.002,0.252890586853027,278
5,100,100,50,FALSE,1000,0.211286544799805,0.214600563049316,0.215983390808105,0.217795372009277,0.222396850585938,-0.525237091016173,-0.495904751270952,-0.485681997795581,-0.474613224355264,-0.443043150851179,0.006,0.15418529510498,151
5,100,100,100,FALSE,1000,0.156998634338379,0.159287452697754,0.160098075866699,0.161385536193848,0.164413452148438,-0.646380416265657,-0.616356218255921,-0.6057028979944,-0.594595633260668,-0.562651233119933,0.003,0.10528564453125,98
5,100,100,1000,FALSE,1000,0.107598304748535,0.109601020812988,0.110352039337158,0.111293792724609,0.113797187805176,-0.902517348643246,-0.860835364912181,-0.847432899709592,-0.832777091759874,-0.790724922529428,0.002,0.0612974166870117,41
5,100,100,10000,FALSE,1000,0.102496147155762,0.103902816772461,0.104522705078125,0.105297565460205,0.107383728027344,-0.935855751387353,-0.904703652944665,-0.893369688470055,-0.881814931792704,-0.848130094797372,0,0.0561952590942383,36
5,10000,10000,1,FALSE,1000,5.89239597320557,6.00121021270752,6.02076053619385,6.08165264129639,6.2014102935791,-0.295700288853331,-0.273506562898836,-0.266976792714301,-0.258684316479943,-0.236924253904417,0.019,5.00260591506958,248
5,10000,10000,5,FALSE,1000,1.24509334564209,1.27353668212891,1.30975246429443,1.31930112838745,1.38649940490723,-0.535257074543874,-0.367892224787322,-0.307832162002674,-0.256061332570371,-0.094614221404854,0.004,1.05855464935303,16
5,10000,10000,10,FALSE,1000,0.677990913391113,0.690460205078125,0.695955753326416,0.7346510887146,0.796699523925781,-0.704583846306834,-0.446726224403954,-0.365317707066841,-0.255048494580591,0.00421253081822185,0.012,0.539445877075195,20
5,10000,10000,25,FALSE,1000,0.341010093688965,0.34630298614502,0.348901748657227,0.354993343353271,0.367999076843262,-0.521472006859071,-0.481269696612347,-0.466381566238223,-0.451094156065888,-0.406775388829765,0.005,0.252699851989746,286
5,10000,10000,50,FALSE,1000,0.22590160369873,0.229811668395996,0.231194496154785,0.23350715637207,0.238895416259766,-0.632683678437125,-0.598968769429006,-0.587201667771446,-0.574917422423626,-0.53904323796962,0.006,0.153994560241699,157
5,10000,10000,100,FALSE,1000,0.168991088867188,0.171399116516113,0.172305107116699,0.173687934875488,0.177097320556641,-0.751912640005823,-0.722942436608134,-0.712351022973776,-0.702860271106846,-0.67288163092964,0.001,0.105190277099609,106
5,10000,10000,1000,FALSE,1000,0.116682052612305,0.118398666381836,0.119304656982422,0.120556354522705,0.123715400695801,-1.0213021151515,-0.975640243592715,-0.961173011862044,-0.94462810193399,-0.900229570116147,0.001,0.0612974166870117,26
5,10000,10000,10000,FALSE,1000,0.110220909118652,0.112605094909668,0.113296508789062,0.114297866821289,0.116801261901855,-1.0577933749993,-1.02185122236935,-1.01045213756184,-0.997545385682336,-0.961221196912162,0,0.0561952590942383,43
10,-10000,-10000,1,FALSE,1000,5.36189079284668,5.4592490196228,5.48155307769775,5.55150508880615,5.68869113922119,-0.0912877810217124,-0.0665343446446741,-0.0580916486275766,-0.0497339310373143,-0.0249055580389799,0.092,5.26105165481567,271
10,-10000,-10000,5,FALSE,1000,1.12650394439697,1.15669965744019,1.19383335113525,1.20339393615723,1.2700080871582,-0.270887858915977,-0.113239107982315,-0.0564651985678958,-0.0021121841020466,0.131148672274042,0.22,1.14835500717163,15
10,-10000,-10000,10,FALSE,1000,0.612902641296387,0.627410411834717,0.632750988006592,0.672507286071777,0.737309455871582,-0.418767067263904,-0.145970605905814,-0.0550876162857087,0.0381687809517196,0.190348005020544,0.296,0.608706474304199,18
10,-10000,-10000,25,FALSE,1000,0.30980110168457,0.316095352172852,0.318300724029541,0.321900844573975,0.330114364624023,-0.102103756805478,-0.0635962796067091,-0.0509396067856636,-0.037255682499544,-0.00184176165103445,0.13,0.3074049949646,249
10,-10000,-10000,50,FALSE,1000,0.206208229064941,0.209498405456543,0.210690498352051,0.212597846984863,0.217199325561523,-0.0845680848120336,-0.0579014181107813,-0.0493319748077785,-0.0394735577239341,-0.0118632512849424,0.08,0.203680992126465,170
10,-10000,-10000,100,FALSE,1000,0.153493881225586,0.156307220458984,0.15711784362793,0.158309936523438,0.161314010620117,-0.0854822086003403,-0.0570203777386347,-0.0471112526430295,-0.0378197442942359,-0.0101835170774145,0.046,0.151991844177246,95
10,-10000,-10000,1000,FALSE,1000,0.106287002563477,0.108504295349121,0.109195709228516,0.110006332397461,0.112223625183105,-0.094894616999023,-0.0611199972114049,-0.0488657515670266,-0.0380518230060536,-0.00545443009210809,0.014,0.105404853820801,30
10,-10000,-10000,10000,FALSE,1000,0.101184844970703,0.102901458740234,0.103592872619629,0.104308128356934,0.106406211853027,-0.0915080207385918,-0.0597109269999708,-0.0483195968704269,-0.0382394942820414,-0.0070712233660148,0.016,0.100016593933105,37
10,-100,-100,1,FALSE,1000,5.34660816192627,5.43575286865234,5.45774698257446,5.50578832626343,5.6082010269165,-0.0831636835995109,-0.0592000777264967,-0.0518976080835112,-0.0431559540034337,-0.0193190140926554,0.081,5.26429414749146,240
10,-100,-100,5,FALSE,1000,1.12030506134033,1.15265846252441,1.18979215621948,1.19814872741699,1.26478672027588,-0.266089007346803,-0.110505193051763,-0.0544128719582803,0.00243088788568653,0.157821479856406,0.277,1.1473536491394,16
10,-100,-100,10,FALSE,1000,0.612902641296387,0.625956058502197,0.630950927734375,0.668752193450928,0.724196434020996,-0.409279503916956,-0.140514910320902,-0.0501406537098125,0.0421406638541903,0.309858455976072,0.315,0.608253479003906,17
10,-100,-100,25,FALSE,1000,0.308918952941895,0.315093994140625,0.317502021789551,0.321793556213379,0.331783294677734,-0.101439181922591,-0.0600220373884439,-0.047269097087178,-0.0323331959450014,0.00546310498649346,0.148,0.307393074035645,273
10,-100,-100,50,FALSE,1000,0.205397605895996,0.209379196166992,0.21059513092041,0.212502479553223,0.216984748840332,-0.0860183002865755,-0.0573631734663191,-0.0482473502872368,-0.0382443661637206,-0.0102273891557807,0.062,0.203704833984375,144
10,-100,-100,100,FALSE,1000,0.153708457946777,0.156402587890625,0.157284736633301,0.158405303955078,0.161409378051758,-0.0842785847830584,-0.0576312438794361,-0.0487285450368046,-0.0396779921334086,-0.0132471567142209,0.039,0.151991844177246,115
10,-100,-100,1000,FALSE,1000,0.106906890869141,0.108695030212402,0.109481811523438,0.110495090484619,0.113177299499512,-0.104848507102101,-0.0653925828586772,-0.0523040353732782,-0.0390398203956028,-0.000925101051825967,0.02,0.105500221252441,43
10,-100,-100,10000,FALSE,1000,0.101304054260254,0.103211402893066,0.10380744934082,0.104618072509766,0.106692314147949,-0.0945651030720907,-0.0636809556086407,-0.0519191905235882,-0.0413746459920423,-0.00837318102500508,0.003,0.100111961364746,21
10,-10,-10,1,FALSE,1000,5.31480312347412,5.40685653686523,5.42728900909424,5.49850463867188,5.63468933105469,-0.0743386770651665,-0.0503286661942173,-0.0425267656189702,-0.0339524077720247,-0.0101509861981405,0.095,5.27039766311646,262
10,-10,-10,5,FALSE,1000,1.12369060516357,1.15350484848022,1.18995904922485,1.19929313659668,1.26709938049316,-0.267108243920482,-0.102014502313888,-0.0457369733323058,0.00821984737192438,0.172872780453579,0.331,1.1541485786438,17
10,-10,-10,10,FALSE,1000,0.615406036376953,0.629353523254395,0.634598731994629,0.672948360443115,0.737905502319336,-0.376603115881723,-0.136483287294557,-0.0480332301587508,0.0476751728929709,0.270562261745622,0.303,0.613498687744141,12
10,-10,-10,25,FALSE,1000,0.314784049987793,0.320947170257568,0.323307514190674,0.326704978942871,0.335121154785156,-0.102310627050639,-0.0643834883700742,-0.0518396511884182,-0.0386664956127822,-9.55458817454462e-05,0.134,0.311899185180664,249
10,-10,-10,50,FALSE,1000,0.212287902832031,0.216102600097656,0.217485427856445,0.219500064849854,0.224590301513672,-0.10290412788857,-0.0727155085668549,-0.0629880627890932,-0.0521678284813656,-0.0225797711070459,0.085,0.20824670791626,189
10,-10,-10,100,FALSE,1000,0.161004066467285,0.163602828979492,0.164604187011719,0.165796279907227,0.169086456298828,-0.110540265739725,-0.0823514485782349,-0.0729119938079584,-0.0633194397891912,-0.0351971400068908,0.032,0.156402587890625,96
10,-10,-10,1000,FALSE,1000,0.114607810974121,0.116395950317383,0.117111206054688,0.118112564086914,0.120687484741211,-0.136846604305575,-0.102698895359765,-0.0906417034263459,-0.0787658697437486,-0.0431859331720324,0.003,0.110006332397461,36
10,-10,-10,10000,FALSE,1000,0.108695030212402,0.110793113708496,0.111496448516846,0.112199783325195,0.114297866821289,-0.135617119206167,-0.103242021230734,-0.0926278008255741,-0.0807312875546032,-0.0500334507823844,0.001,0.104594230651855,29
10,-2,-2,1,FALSE,1000,5.35249710083008,5.42640686035156,5.44625520706177,5.47764301300049,5.55260181427002,-0.0614586675780741,-0.0384282596604121,-0.0310933393564191,-0.0230497504803112,-0.000191825637517159,0.068,5.32854795455933,147
10,-2,-2,5,FALSE,1000,1.13258361816406,1.15604400634766,1.19534730911255,1.20290517807007,1.26898288726807,-0.246958701139143,-0.0896049489960295,-0.0308953622718785,0.0226460538550936,0.190379595564595,0.379,1.16879940032959,18
10,-2,-2,10,FALSE,1000,0.62100887298584,0.631284713745117,0.636887550354004,0.67969560623169,0.749683380126953,-0.406949891801637,-0.132908554054302,-0.033318550471143,0.0623496295113181,0.215887751599682,0.324,0.621247291564941,14
10,-2,-2,25,FALSE,1000,0.317287445068359,0.322794914245605,0.324797630310059,0.328803062438965,0.337409973144531,-0.0754730810935613,-0.0481696194312418,-0.0333655478226244,-0.0164033185041155,0.0265986053521372,0.158,0.3173828125,261
10,-2,-2,50,FALSE,1000,0.213098526000977,0.216710567474365,0.218009948730469,0.21979808807373,0.22430419921875,-0.0841700602585656,-0.0480280239431674,-0.0363147765862631,-0.0233953553282267,0.0132837048785783,0.089,0.212597846984863,157
10,-2,-2,100,FALSE,1000,0.161290168762207,0.163817405700684,0.16481876373291,0.165987014770508,0.169205665588379,-0.0818092307600937,-0.0478915884633029,-0.0369003639838126,-0.0250098836696909,0.0088522106389665,0.074,0.160598754882812,102
10,-2,-2,1000,FALSE,1000,0.114202499389648,0.116205215454102,0.116991996765137,0.117897987365723,0.120401382446289,-0.0867471121882376,-0.0541204900169144,-0.043703308277307,-0.0316435399087704,0.00119800300916763,0.036,0.113511085510254,60
10,-2,-2,10000,FALSE,1000,0.109004974365234,0.110793113708496,0.111508369445801,0.112307071685791,0.11451244354248,-0.0908160088820592,-0.0545421220541403,-0.0432986669480712,-0.0302619850864102,0.00610665479328845,0.033,0.108218193054199,43
10,-0.5,-0.5,1,FALSE,1000,5.37641048431396,5.4498553276062,5.46919107437134,5.49904108047485,5.57079315185547,-0.0700363486922449,-0.0461777310185607,-0.0379948559083745,-0.0300395957772283,-0.0058446512628092,0.063,5.32200336456299,139
10,-0.5,-0.5,5,FALSE,1000,1.13329887390137,1.15629434585571,1.19439363479614,1.20329856872559,1.26810073852539,-0.234684645418973,-0.0966137437189815,-0.0414950697286945,0.0159339940282992,0.165503724531631,0.353,1.16379261016846,15
10,-0.5,-0.5,10,FALSE,1000,0.619316101074219,0.629198551177979,0.634002685546875,0.675249099731445,0.741195678710938,-0.364702585850214,-0.13394926311944,-0.0388017290869572,0.0588471142789185,0.332073076914772,0.331,0.616693496704102,13
10,-0.5,-0.5,25,FALSE,1000,0.313997268676758,0.319004058837891,0.321006774902344,0.325202941894531,0.334501266479492,-0.0914404404359034,-0.0488291413132258,-0.0331441173681963,-0.0186717088583468,0.0229728352742865,0.141,0.313794612884521,226
10,-0.5,-0.5,50,FALSE,1000,0.209379196166992,0.212287902832031,0.21369457244873,0.215411186218262,0.220012664794922,-0.0789055410149097,-0.0442267682531004,-0.0326074169077083,-0.0206982910245403,0.0140751852117227,0.088,0.208902359008789,135
10,-0.5,-0.5,100,FALSE,1000,0.156688690185547,0.159192085266113,0.160098075866699,0.161099433898926,0.163912773132324,-0.0699197770195918,-0.038561302342212,-0.0281679986391706,-0.0173611622328237,0.0135647275818028,0.087,0.156903266906738,97
10,-0.5,-0.5,1000,FALSE,1000,0.109505653381348,0.111293792724609,0.112104415893555,0.1129150390625,0.115203857421875,-0.0747103945163435,-0.0399229675418256,-0.0273210633335704,-0.0143335918277103,0.0231775635206042,0.073,0.10991096496582,46
10,-0.5,-0.5,10000,FALSE,1000,0.104093551635742,0.105905532836914,0.106596946716309,0.107312202453613,0.109410285949707,-0.071073674071667,-0.0368506520226389,-0.0247903105109372,-0.0137525335995766,0.0203177131539201,0.077,0.104618072509766,34
10,0.5,0.5,1,FALSE,1000,5.33409118652344,5.42514324188232,5.44655323028564,5.49604892730713,5.60200214385986,-0.142062485829233,-0.11830373856582,-0.111392151946902,-0.101815776181024,-0.0772046804328808,0.034,5.04258871078491,247
10,0.5,0.5,5,FALSE,1000,1.11961364746094,1.15154981613159,1.18749141693115,1.19770765304565,1.26180648803711,-0.322985373663883,-0.182736707661566,-0.122849627888923,-0.0680011077325219,0.10017150169607,0.026,1.09169483184814,15
10,0.5,0.5,10,FALSE,1000,0.613093376159668,0.626790523529053,0.631844997406006,0.669896602630615,0.726699829101562,-0.330652633733988,-0.232139934722729,-0.141796032096195,-0.0404220298281041,0.242194132907586,0.033,0.571942329406738,16
10,0.5,0.5,25,FALSE,1000,0.311398506164551,0.317096710205078,0.319504737854004,0.323796272277832,0.333595275878906,-0.225513337698217,-0.182976166400386,-0.169486716860531,-0.153531714842272,-0.111343069509622,0.109,0.284194946289062,263
10,0.5,0.5,50,FALSE,1000,0.207901000976562,0.211405754089355,0.212657451629639,0.214290618896484,0.218510627746582,-0.234853320781992,-0.208151208592275,-0.197367993129772,-0.187246095079984,-0.156934162922551,0.056,0.185394287109375,156
10,0.5,0.5,100,FALSE,1000,0.156283378601074,0.15861988067627,0.159597396850586,0.160884857177734,0.164198875427246,-0.266533835564012,-0.23667352397784,-0.226388341803322,-0.216640948039546,-0.187590764117207,0.032,0.136399269104004,102
10,0.5,0.5,1000,FALSE,1000,0.108885765075684,0.111198425292969,0.111889839172363,0.112819671630859,0.115203857421875,-0.330694274165968,-0.289865479188702,-0.276093139653703,-0.261685003460872,-0.221045415418825,0.002,0.0924825668334961,46
10,0.5,0.5,10000,FALSE,1000,0.10368824005127,0.105714797973633,0.106310844421387,0.107097625732422,0.109100341796875,-0.332857957245547,-0.298639158795357,-0.28493950465981,-0.272984712999231,-0.23667197121846,0,0.087285041809082,22
10,2,2,1,FALSE,1000,5.33409118652344,5.42550086975098,5.44590950012207,5.50084114074707,5.61380386352539,-0.145572936270958,-0.120607019206252,-0.113378877614614,-0.103960122189752,-0.0796302113195072,0.025,5.03460168838501,246
10,2,2,5,FALSE,1000,1.11939907073975,1.15303993225098,1.18939876556396,1.19819641113281,1.26571655273438,-0.358465051727308,-0.195307674210185,-0.134012744940907,-0.0784820417618672,0.0813925878737351,0.025,1.08392238616943,17
10,2,2,10,FALSE,1000,0.610518455505371,0.625550746917725,0.631284713745117,0.670909881591797,0.737404823303223,-0.54687874707958,-0.250979544574238,-0.161940976930698,-0.0528617165326018,0.223508589963757,0.026,0.564098358154297,12
10,2,2,25,FALSE,1000,0.309514999389648,0.31578540802002,0.318193435668945,0.322604179382324,0.331902503967285,-0.257304451764254,-0.215134016893802,-0.201083752453502,-0.186689214183558,-0.146646718387768,0.116,0.276708602905273,278
10,2,2,50,FALSE,1000,0.206089019775391,0.209999084472656,0.211191177368164,0.212907791137695,0.217199325561523,-0.282963131419336,-0.256525859104898,-0.246556409545124,-0.236177439990799,-0.205964220339894,0.06,0.178003311157227,157
10,2,2,100,FALSE,1000,0.154614448547363,0.15709400177002,0.157999992370605,0.159096717834473,0.162100791931152,-0.33251922134146,-0.302821786699191,-0.292578859881902,-0.28143999592083,-0.249621229808503,0.033,0.129008293151855,99
10,2,2,1000,FALSE,1000,0.107693672180176,0.109505653381348,0.110197067260742,0.111103057861328,0.113487243652344,-0.433476647942674,-0.389317760808896,-0.3742919435807,-0.359671675331167,-0.315611624049143,0.005,0.0850200653076172,29
10,2,2,10000,FALSE,1000,0.10218620300293,0.104117393493652,0.104689598083496,0.105404853820801,0.107312202453613,-0.443669419647257,-0.403650738977037,-0.390353235898246,-0.376633661120585,-0.338256264791363,0,0.0799179077148438,16
10,10,10,1,FALSE,1000,5.44579029083252,5.52499294281006,5.5446982383728,5.57830333709717,5.65719604492188,-0.162123718232336,-0.136519072555929,-0.128913108638658,-0.119357058328057,-0.0948414852622032,0.028,5.06985187530518,155
10,10,10,5,FALSE,1000,1.1444091796875,1.16825103759766,1.20749473571777,1.21641159057617,1.28688812255859,-0.360027107504187,-0.22461404215515,-0.162825367483274,-0.109052316459035,0.0573964808439639,0.014,1.07779502868652,12
10,10,10,10,FALSE,1000,0.624299049377441,0.635290145874023,0.640451908111572,0.681495666503906,0.744795799255371,-0.603991641890347,-0.309203305159673,-0.216192539665175,-0.104675983298802,0.188914856006994,0.009,0.551700592041016,9
10,10,10,25,FALSE,1000,0.313997268676758,0.320005416870117,0.322294235229492,0.326108932495117,0.335001945495605,-0.36739837120715,-0.320571608152028,-0.304371796509246,-0.28762809033985,-0.24011551074794,0.011,0.26094913482666,260
10,10,10,50,FALSE,1000,0.208806991577148,0.211811065673828,0.213098526000977,0.214695930480957,0.218987464904785,-0.458112587579351,-0.417347943918892,-0.405306829146522,-0.390131649255178,-0.350730217765378,0.013,0.161004066467285,152
10,10,10,100,FALSE,1000,0.155401229858398,0.157904624938965,0.15871524810791,0.159811973571777,0.162601470947266,-0.559750936619378,-0.523723170707742,-0.512258241363924,-0.49949203480488,-0.463753656144452,0.022,0.111293792724609,92
10,10,10,1000,FALSE,1000,0.107002258300781,0.109195709228516,0.10988712310791,0.110697746276855,0.1129150390625,-0.775876690584436,-0.73483502310697,-0.721693375634714,-0.706965882727515,-0.666255743054608,0.002,0.0666141510009766,49
10,10,10,10000,FALSE,1000,0.101900100708008,0.10371208190918,0.104308128356934,0.105190277099609,0.107407569885254,-0.813103991152275,-0.771678499777236,-0.759256723722448,-0.74393975938807,-0.702646111621299,0.001,0.0617027282714844,30
10,100,100,1,FALSE,1000,5.58149814605713,5.66985607147217,5.68928718566895,5.73455095291138,5.83150386810303,-0.211888944129218,-0.189731705178448,-0.184075375062142,-0.174663732541156,-0.1522108235532,0.022,5.00725507736206,241
10,100,100,5,FALSE,1000,1.17290019989014,1.20110511779785,1.23649835586548,1.24526023864746,1.31089687347412,-0.43723537263618,-0.284239864487837,-0.222701338328593,-0.170716802262367,-0.00461486339003733,0.008,1.06030702590942,20
10,100,100,10,FALSE,1000,0.634503364562988,0.649499893188477,0.65460205078125,0.6927490234375,0.75380802154541,-0.649516945150371,-0.362343334055471,-0.277548250211958,-0.167944814500686,0.0299365309408288,0.015,0.54011344909668,21
10,100,100,25,FALSE,1000,0.319194793701172,0.325298309326172,0.327610969543457,0.331306457519531,0.339889526367188,-0.430508908041284,-0.388892647162077,-0.375371304962815,-0.357357099994546,-0.313006389084881,0.005,0.252604484558105,286
10,100,100,50,FALSE,1000,0.211095809936523,0.214695930480957,0.215995311737061,0.217700004577637,0.222206115722656,-0.524339055566341,-0.496253508114053,-0.486554791506426,-0.475334123991318,-0.447066353471482,0,0.15418529510498,165
10,100,100,100,FALSE,1000,0.156712532043457,0.159406661987305,0.160312652587891,0.16169548034668,0.165104866027832,-0.646940139897765,-0.616033329167709,-0.606374889924175,-0.595130841920645,-0.565308578251026,0.004,0.105381011962891,108
10,100,100,1000,FALSE,1000,0.107502937316895,0.109601020812988,0.110256671905518,0.111293792724609,0.113797187805176,-0.897232795517544,-0.858030009907538,-0.844870083246619,-0.829224806363909,-0.786846742842648,0,0.0613927841186523,28
10,100,100,10000,FALSE,1000,0.101995468139648,0.103902816772461,0.104498863220215,0.105190277099609,0.107097625732422,-0.933973532371838,-0.902888725047704,-0.891810809766494,-0.880174444441323,-0.846887818581405,0,0.0561952590942383,38
10,10000,10000,1,FALSE,1000,5.90469837188721,5.99899291992188,6.02084398269653,6.07395172119141,6.18631839752197,-0.293477902503281,-0.27219534099874,-0.266741836229471,-0.257666274333555,-0.235892524474555,0.024,5.00533580780029,263
10,10000,10000,5,FALSE,1000,1.24011039733887,1.27354860305786,1.30949020385742,1.3192892074585,1.38700008392334,-0.515864981968379,-0.36915127153842,-0.306461658488007,-0.256118805964915,-0.0993548626366901,0.005,1.05960369110107,19
10,10000,10000,10,FALSE,1000,0.675415992736816,0.690352916717529,0.695610046386719,0.73314905166626,0.794887542724609,-0.705990304547398,-0.440191709658127,-0.362270190966011,-0.249824188507566,0.0201198872203036,0.01,0.540804862976074,14
10,10000,10000,25,FALSE,1000,0.341105461120605,0.34639835357666,0.348806381225586,0.353157520294189,0.362801551818848,-0.521679068629083,-0.479337867108559,-0.465611823922476,-0.449318360879408,-0.405820155098499,0.001,0.252509117126465,298
10,10000,10000,50,FALSE,1000,0.225305557250977,0.229811668395996,0.231003761291504,0.232887268066406,0.237488746643066,-0.628057346561271,-0.594976270410087,-0.584812726975821,-0.57287498982564,-0.540126311483071,0.004,0.15408992767334,164
10,10000,10000,100,FALSE,1000,0.168490409851074,0.171303749084473,0.17240047454834,0.173687934875488,0.177121162414551,-0.753052245535251,-0.723226999227718,-0.711666137499205,-0.701968333662811,-0.670901378132211,0.002,0.105190277099609,83
10,10000,10000,1000,FALSE,1000,0.116515159606934,0.118398666381836,0.119304656982422,0.12049674987793,0.12359619140625,-1.01723139200223,-0.974515399987394,-0.96151063869764,-0.945713153404333,-0.904111078950566,0,0.0612974166870117,42
10,10000,10000,10000,FALSE,1000,0.110983848571777,0.112581253051758,0.113201141357422,0.114321708679199,0.116896629333496,-1.05611946519583,-1.02200765505153,-1.01041441606699,-0.998771128510973,-0.963960781102418,0,0.0560998916625977,32
100,-10000,-10000,1,FALSE,1000,5.47029972076416,5.55210113525391,5.57169914245605,5.63063621520996,5.74841499328613,-0.117681701327605,-0.0924721085377028,-0.0851182753169421,-0.0756485350730932,-0.0509277027868779,0.041,5.25306463241577,235
100,-10000,-10000,5,FALSE,1000,1.14939212799072,1.17495059967041,1.21281147003174,1.22134685516357,1.28910541534424,-0.308426516172761,-0.143630616109807,-0.0846631910512076,-0.0326909264240678,0.12610048689262,0.042,1.14275217056274,19
100,-10000,-10000,10,FALSE,1000,0.624585151672363,0.638413429260254,0.643694400787354,0.683999061584473,0.750899314880371,-0.455968558758784,-0.182371101294765,-0.0933639030732243,0.00525916653616945,0.182089895874464,0.275,0.604510307312012,26
100,-10000,-10000,25,FALSE,1000,0.314617156982422,0.320982933044434,0.323319435119629,0.327467918395996,0.336408615112305,-0.140023711772383,-0.10088776466337,-0.0880913336195879,-0.0747364502943175,-0.0410948892362558,0.129,0.304293632507324,280
100,-10000,-10000,50,FALSE,1000,0.209188461303711,0.212597846984863,0.213885307312012,0.215697288513184,0.220298767089844,-0.125179757164051,-0.0980837927574537,-0.0889197065569447,-0.0799804987555764,-0.0542729103819364,0.058,0.201010704040527,166
100,-10000,-10000,100,FALSE,1000,0.156307220458984,0.158596038818359,0.159406661987305,0.160694122314453,0.163817405700684,-0.12692417267926,-0.0994665247995274,-0.0905526307827185,-0.0807701430441794,-0.0530787654461192,0.038,0.149798393249512,110
100,-10000,-10000,1000,FALSE,1000,0.107693672180176,0.10981559753418,0.110602378845215,0.111603736877441,0.114202499389648,-0.142102899562702,-0.108054492452353,-0.0951642571798637,-0.0845096486252531,-0.0498080948496912,0.01,0.103497505187988,50
100,-10000,-10000,10000,FALSE,1000,0.102686882019043,0.104308128356934,0.104904174804688,0.105619430541992,0.107502937316895,-0.13830595718788,-0.107831628604151,-0.0970716699047131,-0.0870709474766808,-0.0572789706747912,0.005,0.0980138778686523,31
100,-100,-100,1,FALSE,1000,5.39700984954834,5.48579692840576,5.50519227981567,5.55263757705688,5.65159320831299,-0.10154520017853,-0.0772038229035355,-0.0698001610891263,-0.0609005107204939,-0.0366570399589545,0.055,5.24380207061768,257
100,-100,-100,5,FALSE,1000,1.13470554351807,1.16405487060547,1.20009183883667,1.20970010757446,1.27739906311035,-0.236112981049039,-0.129945372763553,-0.0705962963819476,-0.0174774325051823,0.151006168637562,0.072,1.14234685897827,10
100,-100,-100,10,FALSE,1000,0.62108039855957,0.633049011230469,0.638151168823242,0.676107406616211,0.739479064941406,-0.402714794496152,-0.166477459759824,-0.0758414189200185,0.0189852541760409,0.281372886429313,0.301,0.605249404907227,19
100,-100,-100,25,FALSE,1000,0.312304496765137,0.318813323974609,0.321197509765625,0.325906276702881,0.336313247680664,-0.12659417241508,-0.0872373317737042,-0.0740738922004433,-0.05990189426196,-0.0200746785708274,0.135,0.304889678955078,286
100,-100,-100,50,FALSE,1000,0.208497047424316,0.211977958679199,0.213384628295898,0.21510124206543,0.21970272064209,-0.112700132749362,-0.0900317758336975,-0.0807747323912126,-0.0726373121597202,-0.0465979751463699,0.054,0.201702117919922,135
100,-100,-100,100,FALSE,1000,0.156617164611816,0.159001350402832,0.159811973571777,0.161004066467285,0.163912773132324,-0.123112951550239,-0.096680492983883,-0.0875974718687914,-0.0790245362920487,-0.0541879288349028,0.045,0.150346755981445,115
100,-100,-100,1000,FALSE,1000,0.109004974365234,0.110888481140137,0.111603736877441,0.112605094909668,0.115108489990234,-0.145398687824821,-0.110691209096881,-0.0986705290024635,-0.0866834631314748,-0.051188151319169,0.007,0.104188919067383,37
100,-100,-100,10000,FALSE,1000,0.103306770324707,0.10530948638916,0.105905532836914,0.106656551361084,0.108599662780762,-0.14190909278704,-0.110966778155954,-0.0996637696558256,-0.0897590618532686,-0.0591118495017219,0,0.0988006591796875,40
100,-10,-10,1,FALSE,1000,5.43529987335205,5.51844835281372,5.53929805755615,5.59309720993042,5.70459365844727,-0.105203468875856,-0.0829418266204777,-0.0765713023987219,-0.0680529100564939,-0.0460941229105389,0.052,5.25119304656982,254
100,-10,-10,5,FALSE,1000,1.1383056640625,1.16920471191406,1.20668411254883,1.21499300003052,1.2808084487915,-0.272430749436129,-0.127285583023708,-0.070219911473745,-0.015153732714748,0.147057173254429,0.077,1.14895105361938,17
100,-10,-10,10,FALSE,1000,0.623297691345215,0.63478946685791,0.639915466308594,0.680351257324219,0.746297836303711,-0.430229233625082,-0.15414116133196,-0.0642258446092931,0.0305798726173579,0.305781385465739,0.287,0.612187385559082,21
100,-10,-10,25,FALSE,1000,0.313401222229004,0.318813323974609,0.321197509765625,0.324356555938721,0.33259391784668,-0.0882511974645953,-0.0527599757070786,-0.0422663052449259,-0.0282342344685177,0.00720623019430808,0.139,0.31205415725708,242
100,-10,-10,50,FALSE,1000,0.208210945129395,0.211405754089355,0.212693214416504,0.214505195617676,0.219106674194336,-0.0660670953329014,-0.0356218701436301,-0.0254859335558936,-0.0150120615038922,0.0155425949370197,0.107,0.20909309387207,162
100,-10,-10,100,FALSE,1000,0.155210494995117,0.157523155212402,0.158500671386719,0.159811973571777,0.16322135925293,-0.0468127866326841,-0.0184092554252045,-0.00886823417684097,0.000751461118745387,0.0267051768534758,0.252,0.157499313354492,90
100,-10,-10,1000,FALSE,1000,0.107288360595703,0.109195709228516,0.10988712310791,0.110721588134766,0.113010406494141,-0.0271574144331496,0.00645512792179827,0.0172442001380607,0.0292451636909545,0.0634186118666378,0.839,0.111198425292969,47
100,-10,-10,10000,FALSE,1000,0.10218620300293,0.10368824005127,0.104308128356934,0.105094909667969,0.107192993164062,-0.0242475462466773,0.0101662329450688,0.0222134188431253,0.0333109321230718,0.0679002409547447,0.891,0.105893611907959,17
100,-2,-2,1,FALSE,1000,5.48419952392578,5.56008815765381,5.58300018310547,5.61420917510986,5.69100379943848,-0.104614479831508,-0.0799873478140539,-0.0715398082517864,-0.0633831995394114,-0.0385755698545222,0.044,5.30959367752075,161
100,-2,-2,5,FALSE,1000,1.1530876159668,1.17714405059814,1.21665000915527,1.22510194778442,1.29649639129639,-0.282475450089792,-0.128893235361216,-0.0742676011713651,-0.0150910296204821,0.132750522625052,0.096,1.15821361541748,18
100,-2,-2,10,FALSE,1000,0.62859058380127,0.638008117675781,0.642800331115723,0.684952735900879,0.748705863952637,-0.451577748895039,-0.162429980529021,-0.0665125637723425,0.0316427409369137,0.321712461520114,0.316,0.613105297088623,8
100,-2,-2,25,FALSE,1000,0.316405296325684,0.321388244628906,0.323581695556641,0.327205657958984,0.335693359375,-0.112786517259674,-0.071178813225311,-0.0564372852771105,-0.0406540720142901,0.00486040974441598,0.143,0.311183929443359,258
100,-2,-2,50,FALSE,1000,0.209188461303711,0.212347507476807,0.213718414306641,0.215601921081543,0.220417976379395,-0.0949400140373601,-0.0601602978153273,-0.0491051424991606,-0.0358561421140338,-0.000643988423097562,0.061,0.206685066223145,135
100,-2,-2,100,FALSE,1000,0.156092643737793,0.158214569091797,0.159120559692383,0.16021728515625,0.16319751739502,-0.0803635136820687,-0.0498628871404172,-0.0394622887754259,-0.0291729281884605,0.00108399963089859,0.062,0.154805183410645,113
100,-2,-2,1000,FALSE,1000,0.107407569885254,0.109291076660156,0.10991096496582,0.110793113708496,0.113010406494141,-0.072345607749964,-0.0385331199652837,-0.0278606778907575,-0.015976158719387,0.0168337113429112,0.06,0.107789039611816,45
100,-2,-2,10000,FALSE,1000,0.101900100708008,0.10380744934082,0.104498863220215,0.105297565460205,0.107502937316895,-0.0714286471866614,-0.0377949561788559,-0.0267421067396292,-0.0153640447389109,0.0181307601003006,0.058,0.102496147155762,32
100,-0.5,-0.5,1,FALSE,1000,5.47831058502197,5.55275678634644,5.57335615158081,5.60605525970459,5.68480491638184,-0.100454262113895,-0.0777153282865322,-0.0698189067511101,-0.0610454820986333,-0.0366785796132602,0.042,5.30669689178467,151
100,-0.5,-0.5,5,FALSE,1000,1.15420818328857,1.17485523223877,1.21489763259888,1.22430324554443,1.29671096801758,-0.297478906903145,-0.130354163410539,-0.0725172350380387,-0.0162763438710328,0.15338192010987,0.083,1.15668773651123,14
100,-0.5,-0.5,10,FALSE,1000,0.628089904785156,0.638198852539062,0.642907619476318,0.685453414916992,0.755000114440918,-0.451164120364189,-0.170478358197355,-0.0745004056635049,0.0258308268813703,0.094686421401174,0.316,0.610494613647461,8
100,-0.5,-0.5,25,FALSE,1000,0.315499305725098,0.321292877197266,0.323498249053955,0.327110290527344,0.335693359375,-0.130142792388755,-0.0862884299584904,-0.0709647872467083,-0.0554308998451966,-0.0177567979758995,0.116,0.307989120483398,239
100,-0.5,-0.5,50,FALSE,1000,0.20911693572998,0.212502479553223,0.213718414306641,0.215291976928711,0.219416618347168,-0.118667068057464,-0.0806888838971739,-0.0690140235969918,-0.054981956297746,-0.0178283535174535,0.072,0.203800201416016,149
100,-0.5,-0.5,100,FALSE,1000,0.155997276306152,0.158095359802246,0.159001350402832,0.16019344329834,0.16329288482666,-0.102276679340899,-0.0762573469200175,-0.0661774859027329,-0.0553768033059177,-0.0246844601002806,0.03,0.151896476745605,103
100,-0.5,-0.5,1000,FALSE,1000,0.107502937316895,0.109302997589111,0.110006332397461,0.110816955566406,0.113081932067871,-0.112862143904613,-0.0786061331149955,-0.0674480115010209,-0.0555572558401486,-0.021163065362459,0.01,0.104999542236328,51
100,-0.5,-0.5,10000,FALSE,1000,0.10228157043457,0.103902816772461,0.104498863220215,0.10528564453125,0.107312202453613,-0.114279993174121,-0.0793509313665893,-0.0674021102344073,-0.0552772230259322,-0.019610717209468,0.003,0.0997066497802734,33
100,0.5,0.5,1,FALSE,1000,5.42068481445312,5.51725625991821,5.53869009017944,5.60135841369629,5.72659969329834,-0.165812140085582,-0.143057820060021,-0.135431257392325,-0.126203116732451,-0.101674990460914,0.032,5.04155158996582,248
100,0.5,0.5,5,FALSE,1000,1.14021301269531,1.16845369338989,1.20470523834229,1.21479034423828,1.2808084487915,-0.372059209020777,-0.2044947815076,-0.143024061274778,-0.0910557503707784,0.057555836921386,0.02,1.09095573425293,19
100,0.5,0.5,10,FALSE,1000,0.619792938232422,0.634264945983887,0.639545917510986,0.678706169128418,0.74470043182373,-0.549812863711282,-0.256006091268741,-0.162721143341604,-0.0565538798939096,0.242118995420869,0.029,0.570201873779297,15
100,0.5,0.5,25,FALSE,1000,0.313591957092285,0.319194793701172,0.321602821350098,0.326299667358398,0.336217880249023,-0.246796869546498,-0.202210182940646,-0.187843220371916,-0.171759698261857,-0.12613250040644,0.114,0.282406806945801,275
100,0.5,0.5,50,FALSE,1000,0.20759105682373,0.211596488952637,0.212943553924561,0.214982032775879,0.220012664794922,-0.254299979065071,-0.224592480463591,-0.214140946672855,-0.204196951424288,-0.17367713630342,0.053,0.183701515197754,152
100,0.5,0.5,100,FALSE,1000,0.155305862426758,0.157880783081055,0.158786773681641,0.159943103790283,0.163006782531738,-0.282832215421751,-0.250121354029802,-0.239373162398206,-0.228079380112554,-0.196829249337934,0.039,0.134587287902832,104
100,0.5,0.5,1000,FALSE,1000,0.107502937316895,0.109446048736572,0.110197067260742,0.111103057861328,0.113511085510254,-0.339524037270368,-0.29811472326064,-0.284544328549095,-0.268049417485241,-0.223758062792157,0.001,0.0904083251953125,29
100,0.5,0.5,10000,FALSE,1000,0.102090835571289,0.103902816772461,0.104498863220215,0.10528564453125,0.107312202453613,-0.341349358559816,-0.304715002957916,-0.292707334277688,-0.280002408157468,-0.243317643819151,0,0.0853061676025391,16
100,2,2,1,FALSE,1000,5.43239116668701,5.51440715789795,5.53374290466309,5.59539794921875,5.71599006652832,-0.167907594393231,-0.14350993557621,-0.135630054718926,-0.12724020929706,-0.103717922336844,0.02,5.03660440444946,250
100,2,2,5,FALSE,1000,1.14021301269531,1.16915702819824,1.20640993118286,1.21595859527588,1.28569602966309,-0.35335888888645,-0.208560592394724,-0.149840772590922,-0.0950880043220382,0.0724178175846028,0.017,1.08820199966431,18
100,2,2,10,FALSE,1000,0.621891021728516,0.634503364562988,0.640416145324707,0.679898262023926,0.739097595214844,-0.54661976616344,-0.262831749600456,-0.17112821331153,-0.0705114149189168,0.216736370806462,0.021,0.567853450775146,13
100,2,2,25,FALSE,1000,0.313615798950195,0.319385528564453,0.32188892364502,0.325357913970947,0.33409595489502,-0.247773277742472,-0.210987407181691,-0.198056863887668,-0.182915517559778,-0.143092562519382,0.111,0.280404090881348,261
100,2,2,50,FALSE,1000,0.208210945129395,0.211596488952637,0.212907791137695,0.214505195617676,0.218796730041504,-0.269637140658041,-0.23893528863906,-0.228486234536926,-0.218305463813205,-0.188021817873842,0.059,0.18160343170166,144
100,2,2,100,FALSE,1000,0.155782699584961,0.157999992370605,0.158905982971191,0.160002708435059,0.163006782531738,-0.301207758389302,-0.272741912372942,-0.261256530396235,-0.250759747875698,-0.218492996938501,0.036,0.132513046264648,99
100,2,2,1000,FALSE,1000,0.107693672180176,0.109505653381348,0.110197067260742,0.111198425292969,0.113701820373535,-0.370682725172028,-0.330624209947625,-0.317411395388285,-0.303164895173255,-0.262006220589146,0.002,0.0885009765625,41
100,2,2,10000,FALSE,1000,0.102114677429199,0.104022026062012,0.104606151580811,0.10530948638916,0.107216835021973,-0.373633745882068,-0.340352291661416,-0.328612341997471,-0.316810686207193,-0.282795366531853,0,0.0833034515380859,27
100,10,10,1,FALSE,1000,5.51269054412842,5.58769702911377,5.61060905456543,5.64589500427246,5.7305097579956,-0.176470099176292,-0.150698771863942,-0.143240354214554,-0.133005888457723,-0.107448801382048,0.022,5.08044958114624,152
100,10,10,5,FALSE,1000,1.15721225738525,1.18184089660645,1.21985673904419,1.22895240783691,1.29859447479248,-0.397001714908596,-0.223151958419205,-0.160347738208222,-0.106700541735099,0.0619318249040821,0.009,1.09119415283203,8
100,10,10,10,FALSE,1000,0.629997253417969,0.640654563903809,0.645613670349121,0.686800479888916,0.755500793457031,-0.576902000998942,-0.288199675445003,-0.194509221686129,-0.0901659113148374,0.17137960074716,0.015,0.564157962799072,14
100,10,10,25,FALSE,1000,0.316596031188965,0.322389602661133,0.324809551239014,0.329291820526123,0.338912010192871,-0.304340803316972,-0.264795221286054,-0.246502540088612,-0.22960545179568,-0.177569538468559,0.064,0.273513793945312,270
100,10,10,50,FALSE,1000,0.209903717041016,0.212991237640381,0.214290618896484,0.216007232666016,0.220513343811035,-0.354591854842097,-0.315065925815327,-0.302263687922125,-0.287459882436255,-0.2460817253106,0.073,0.173795223236084,154
100,10,10,100,FALSE,1000,0.155901908874512,0.158286094665527,0.159096717834473,0.160348415374756,0.163412094116211,-0.403631135358832,-0.371657687849834,-0.361779270704901,-0.349876358319874,-0.318044079568669,0.027,0.123882293701172,88
100,10,10,1000,FALSE,1000,0.10678768157959,0.109004974365234,0.10979175567627,0.110697746276855,0.113201141357422,-0.529751903638549,-0.487117742481298,-0.472987328508204,-0.458371538560694,-0.415555466842979,0.001,0.0791072845458984,39
100,10,10,10000,FALSE,1000,0.10218620300293,0.103592872619629,0.104212760925293,0.104999542236328,0.107097625732422,-0.551712309242805,-0.508060359095437,-0.492546713896616,-0.478580284648127,-0.434484304464005,0,0.0741004943847656,32
100,100,100,1,FALSE,1000,5.57191371917725,5.6663990020752,5.68571090698242,5.73616027832031,5.84049224853516,-0.210662925141211,-0.189655576984122,-0.182519273340527,-0.17500898731542,-0.153236954354261,0.017,5.00869750976562,231
100,100,100,5,FALSE,1000,1.17042064666748,1.19909048080444,1.23589038848877,1.24468803405762,1.30980014801025,-0.439747535673561,-0.280211096780115,-0.220440239416852,-0.16607854969211,-0.00113474652311318,0.011,1.06170177459717,17
100,100,100,10,FALSE,1000,0.637698173522949,0.648999214172363,0.654101371765137,0.693416595458984,0.75690746307373,-0.613868970549429,-0.360506427818414,-0.273959866858197,-0.16227204292527,0.0382089221422482,0.012,0.541019439697266,12
100,100,100,25,FALSE,1000,0.31898021697998,0.325202941894531,0.327515602111816,0.330996513366699,0.339484214782715,-0.420238703496762,-0.381051061815423,-0.368810553714613,-0.353956540451612,-0.313406207239463,0.006,0.253605842590332,261
100,100,100,50,FALSE,1000,0.211501121520996,0.214600563049316,0.215816497802734,0.217545032501221,0.221920013427734,-0.516378716224912,-0.486353083735205,-0.476971845820915,-0.465568109530168,-0.435096380622892,0.004,0.155007839202881,177
100,100,100,100,FALSE,1000,0.156807899475098,0.159287452697754,0.160098075866699,0.161099433898926,0.163793563842773,-0.635654463816067,-0.603891380746821,-0.593663944716111,-0.58270400416549,-0.551928023214632,0.008,0.106096267700195,110
100,100,100,1000,FALSE,1000,0.107502937316895,0.109410285949707,0.110149383544922,0.111198425292969,0.113821029663086,-0.879816628645191,-0.840186955603693,-0.825700351373709,-0.81189605209109,-0.769514082705515,0.001,0.062108039855957,52
100,100,100,10000,FALSE,1000,0.101995468139648,0.10380744934082,0.104403495788574,0.105118751525879,0.107002258300781,-0.920758735117243,-0.884497364672049,-0.873140363467259,-0.860037067884164,-0.823480188695279,0.002,0.056910514831543,30
100,10000,10000,1,FALSE,1000,5.90050220489502,6.00014925003052,6.02520704269409,6.09844923019409,6.24029636383057,-0.298603752703565,-0.274221646969768,-0.26624561017963,-0.257773360498799,-0.233301537580697,0.024,5.00988960266113,240
100,10000,10000,5,FALSE,1000,1.24199390411377,1.27390623092651,1.30958557128906,1.31850242614746,1.38421058654785,-0.518292071017671,-0.366732588595545,-0.3050476362691,-0.253675339866926,-0.0898100612372054,0.004,1.06079578399658,19
100,10000,10000,10,FALSE,1000,0.676298141479492,0.690698623657227,0.696206092834473,0.735354423522949,0.800490379333496,-0.721101926470094,-0.448473375818324,-0.364982017584858,-0.255390537371229,-0.0750441450798956,0.008,0.54008960723877,12
100,10000,10000,25,FALSE,1000,0.340700149536133,0.346493721008301,0.348746776580811,0.354146957397461,0.365114212036133,-0.517597799316498,-0.478956992812308,-0.465028533886773,-0.451555824205368,-0.415715480244376,0.004,0.252795219421387,281
100,10000,10000,50,FALSE,1000,0.225186347961426,0.229907035827637,0.231289863586426,0.233352184295654,0.238394737243652,-0.62872602035267,-0.595270272447354,-0.584099197384969,-0.571719572967654,-0.536653221827382,0,0.154304504394531,168
100,10000,10000,100,FALSE,1000,0.168108940124512,0.171303749084473,0.172305107116699,0.173807144165039,0.177502632141113,-0.755948697533779,-0.722952772103892,-0.711197449764352,-0.700025561474848,-0.667669853394113,0.002,0.10530948638916,109
100,10000,10000,1000,FALSE,1000,0.116205215454102,0.118398666381836,0.119304656982422,0.12049674987793,0.12359619140625,-1.02040858332626,-0.975962550214534,-0.961633275407096,-0.945887225071055,-0.903003673524359,0,0.0612974166870117,41
100,10000,10000,10000,FALSE,1000,0.110888481140137,0.112605094909668,0.113201141357422,0.114297866821289,0.116801261901855,-1.05874758595548,-1.02186863828833,-1.01058926883203,-0.99723827303349,-0.960654084327942,0,0.0561952590942383,35
10000,-10000,-10000,1,FALSE,1000,5.63850402832031,5.7234525680542,5.74436187744141,5.79930543899536,5.91130256652832,-0.161861038936346,-0.139739521332711,-0.133089262933427,-0.124742602347853,-0.102269949387408,0.029,5.23704290390015,238
10000,-10000,-10000,5,FALSE,1000,1.18451118469238,1.2102484703064,1.24785900115967,1.25734806060791,1.32720470428467,-0.356369252750842,-0.19114217178413,-0.134765153801859,-0.0801796104636854,0.074928003483186,0.016,1.13810300827026,14
10000,-10000,-10000,10,FALSE,1000,0.639796257019043,0.654852390289307,0.660538673400879,0.699591636657715,0.764584541320801,-0.433794347156549,-0.218129320743363,-0.133450861157274,-0.0361525020366386,0.128475032773281,0.046,0.602090358734131,8
10000,-10000,-10000,25,FALSE,1000,0.321388244628906,0.327301025390625,0.329494476318359,0.333809852600098,0.342893600463867,-0.17329073044301,-0.134763803229422,-0.123059787339444,-0.108884292287704,-0.0713518662489157,0.108,0.302791595458984,253
10000,-10000,-10000,50,FALSE,1000,0.212407112121582,0.215792655944824,0.217103958129883,0.21895170211792,0.223588943481445,-0.157487980805802,-0.130099044111875,-0.121214400789253,-0.111830266591158,-0.0844785713296775,0.055,0.199699401855469,169
10000,-10000,-10000,100,FALSE,1000,0.157594680786133,0.16021728515625,0.161194801330566,0.162386894226074,0.165605545043945,-0.150242635580613,-0.125742840202269,-0.117369609281253,-0.107823009079409,-0.0815398783971669,0.021,0.148606300354004,87
10000,-10000,-10000,1000,FALSE,1000,0.108098983764648,0.10991096496582,0.110697746276855,0.111603736877441,0.114107131958008,-0.15779732780235,-0.121648347429299,-0.109861167070392,-0.097090213963563,-0.0607247009747026,0.004,0.102591514587402,40
10000,-10000,-10000,10000,FALSE,1000,0.102686882019043,0.104188919067383,0.104784965515137,0.105595588684082,0.107693672180176,-0.149038295778994,-0.11747784426127,-0.107393207408502,-0.0964131421231176,-0.0660226507955794,0.006,0.097203254699707,31
10000,-100,-100,1,FALSE,1000,5.59329986572266,5.69405555725098,5.71210384368896,5.78454732894897,5.91959953308105,-0.154846303772033,-0.133967811808018,-0.126987201061666,-0.120029260896582,-0.099246272940302,0.022,5.23140430450439,250
10000,-100,-100,5,FALSE,1000,1.17220878601074,1.20480060577393,1.24244689941406,1.25210285186768,1.3218879699707,-0.335687154475954,-0.175055980985356,-0.119878361740407,-0.0654719340596088,0.0958961669591416,0.035,1.14378929138184,17
10000,-100,-100,10,FALSE,1000,0.638389587402344,0.652098655700684,0.657248497009277,0.697457790374756,0.761699676513672,-0.453893358962775,-0.200316618724713,-0.111464890886407,-0.0107254895749266,0.241783814320391,0.178,0.60880184173584,18
10000,-100,-100,25,FALSE,1000,0.320696830749512,0.326395034790039,0.328898429870605,0.332796573638916,0.34182071685791,-0.141623475043799,-0.0985618620360045,-0.0854870091144604,-0.0695952842274377,-0.0272709846774112,0.134,0.309896469116211,258
10000,-100,-100,50,FALSE,1000,0.211811065673828,0.21510124206543,0.216388702392578,0.218105316162109,0.222587585449219,-0.0981339371346147,-0.0717826553135917,-0.0631878532353268,-0.0532492363308253,-0.0258720644040755,0.075,0.207114219665527,163
10000,-100,-100,100,FALSE,1000,0.157499313354492,0.159597396850586,0.160598754882812,0.16169548034668,0.16481876373291,-0.0756805207984716,-0.0508577307913093,-0.0416976714145031,-0.0315667475592053,-0.00275424645390409,0.046,0.155997276306152,94
10000,-100,-100,1000,FALSE,1000,0.107812881469727,0.109708309173584,0.110387802124023,0.111293792724609,0.113606452941895,-0.0531872378164596,-0.0158202798703281,-0.00280771151362143,0.00910220883054675,0.045843568955819,0.417,0.110197067260742,28
10000,-100,-100,10000,FALSE,1000,0.102496147155762,0.103998184204102,0.104594230651855,0.10530948638916,0.107216835021973,-0.0380198834179122,-0.0069551813358254,0.00394808467389047,0.0140973613832166,0.0441025693413586,0.577,0.104808807373047,43
10000,-10,-10,1,FALSE,1000,5.64689636230469,5.73804378509521,5.76125383377075,5.81545829772949,5.930495262146,-0.171229848500072,-0.146734380987287,-0.139731494831117,-0.130206331309016,-0.105684251861446,0.024,5.22873401641846,237
10000,-10,-10,5,FALSE,1000,1.18119716644287,1.21519565582275,1.25130414962769,1.25958919525146,1.32529735565186,-0.358104463914864,-0.194420054346324,-0.137409103480051,-0.0842276799174435,0.0702259438750358,0.017,1.1375904083252,16
10000,-10,-10,10,FALSE,1000,0.641989707946777,0.655651092529297,0.661051273345947,0.70035457611084,0.761699676513672,-0.505079616371946,-0.222789813223995,-0.133470202617095,-0.0331939931993091,0.152398948857299,0.048,0.602412223815918,16
10000,-10,-10,25,FALSE,1000,0.321698188781738,0.327801704406738,0.330591201782227,0.33489465713501,0.345396995544434,-0.169901305837669,-0.130950133026852,-0.117875392358359,-0.102778935915985,-0.0613375230609817,0.122,0.304388999938965,268
10000,-10,-10,50,FALSE,1000,0.212192535400391,0.215983390808105,0.217199325561523,0.218892097473145,0.223207473754883,-0.140238653505024,-0.11544408470049,-0.105623040085388,-0.0960281175137784,-0.0677067508185039,0.07,0.201892852783203,157
10000,-10,-10,100,FALSE,1000,0.157284736633301,0.159907341003418,0.160717964172363,0.161910057067871,0.164890289306641,-0.128094313580789,-0.100975276108098,-0.0919265965123344,-0.0824874555428345,-0.0560522468133596,0.05,0.150799751281738,119
10000,-10,-10,1000,FALSE,1000,0.107884407043457,0.109505653381348,0.110197067260742,0.111198425292969,0.113701820373535,-0.114972690385282,-0.0829489751640797,-0.0716814018683995,-0.0603739734415578,-0.0266761690968654,0.009,0.104904174804688,48
10000,-10,-10,10000,FALSE,1000,0.10230541229248,0.103902816772461,0.104498863220215,0.105190277099609,0.107121467590332,-0.112152663169144,-0.079540115738763,-0.0684013581134519,-0.0571912414211933,-0.0282165882373394,0.003,0.0995159149169922,21
10000,-2,-2,1,FALSE,1000,5.70881366729736,5.7866096496582,5.8085560798645,5.8409571647644,5.91599941253662,-0.165530588604068,-0.143461338163541,-0.13599534263836,-0.126626057772635,-0.102034509181093,0.025,5.28304576873779,138
10000,-2,-2,5,FALSE,1000,1.19791030883789,1.22050046920776,1.25924348831177,1.26791000366211,1.3361930847168,-0.343929003768267,-0.188448237737871,-0.130992952954746,-0.0776636974373718,0.0810804180883483,0.022,1.14991664886475,13
10000,-2,-2,10,FALSE,1000,0.650310516357422,0.660300254821777,0.666093826293945,0.707507133483887,0.7781982421875,-0.486961079681819,-0.226417901343569,-0.137149484147165,-0.0369760979555079,0.237826371715041,0.053,0.605893135070801,14
10000,-2,-2,25,FALSE,1000,0.324296951293945,0.330185890197754,0.332605838775635,0.336647033691406,0.345182418823242,-0.191020019872788,-0.1414265382704,-0.126356107562638,-0.10785900300205,-0.0575759457345187,0.131,0.304901599884033,265
10000,-2,-2,50,FALSE,1000,0.213718414306641,0.216853618621826,0.218105316162109,0.21979808807373,0.224113464355469,-0.165484072946233,-0.128582325989256,-0.117980981179516,-0.103953215306155,-0.0675557497608352,0.075,0.201106071472168,153
10000,-2,-2,100,FALSE,1000,0.158095359802246,0.160408020019531,0.161302089691162,0.162410736083984,0.165390968322754,-0.148813953849421,-0.119239638128705,-0.1089948233748,-0.0988820690813786,-0.068438478870492,0.031,0.14948844909668,103
10000,-2,-2,1000,FALSE,1000,0.107693672180176,0.109505653381348,0.110101699829102,0.110912322998047,0.113010406494141,-0.138472914037299,-0.106819930108992,-0.0959575204318246,-0.0851261549306173,-0.0538549014422636,0.004,0.103092193603516,59
10000,-2,-2,10000,FALSE,1000,0.10230541229248,0.103902816772461,0.104498863220215,0.10528564453125,0.107312202453613,-0.138556970339924,-0.105477312690739,-0.0935074441349056,-0.0834041166351595,-0.0509219510362323,0.001,0.0978946685791016,35
10000,-0.5,-0.5,1,FALSE,1000,5.7171106338501,5.79259395599365,5.81140518188477,5.84304332733154,5.91511726379395,-0.164063933245463,-0.143257751692634,-0.136149497888043,-0.128530432013637,-0.107286230590335,0.025,5.28805255889893,156
10000,-0.5,-0.5,5,FALSE,1000,1.19638442993164,1.22230052947998,1.26101970672607,1.26943588256836,1.33988857269287,-0.349092771397888,-0.191277857780763,-0.134534907037153,-0.0825601103308105,0.0670072515993608,0.02,1.14939212799072,18
10000,-0.5,-0.5,10,FALSE,1000,0.65000057220459,0.660049915313721,0.66460371017456,0.70655345916748,0.772380828857422,-0.490442353740409,-0.224512877265279,-0.131852230032013,-0.0331660326923537,0.100122015782472,0.052,0.606191158294678,4
10000,-0.5,-0.5,25,FALSE,1000,0.324201583862305,0.330305099487305,0.332498550415039,0.33714771270752,0.346493721008301,-0.18941389375155,-0.144398060662119,-0.128162549088076,-0.113334932722536,-0.0698111153204893,0.106,0.30444860458374,249
10000,-0.5,-0.5,50,FALSE,1000,0.21359920501709,0.217008590698242,0.218296051025391,0.220310688018799,0.225210189819336,-0.164615617368635,-0.132887261389417,-0.122004457258926,-0.110112481055171,-0.0789069046703265,0.067,0.200700759887695,169
10000,-0.5,-0.5,100,FALSE,1000,0.157904624938965,0.160408020019531,0.161314010620117,0.162410736083984,0.165414810180664,-0.155320888637692,-0.12352695557718,-0.112724469424273,-0.102115227156958,-0.0715641175665426,0.024,0.149142742156982,105
10000,-0.5,-0.5,1000,FALSE,1000,0.107383728027344,0.109505653381348,0.110197067260742,0.111007690429688,0.113201141357422,-0.144918641968649,-0.112559086290951,-0.100658472047516,-0.0890865451264989,-0.0542919938336943,0.006,0.102686882019043,67
10000,-0.5,-0.5,10000,FALSE,1000,0.10230541229248,0.103902816772461,0.104403495788574,0.10521411895752,0.107097625732422,-0.138824451871256,-0.109410169838066,-0.0990860552258166,-0.0877420064332422,-0.0561100667744178,0,0.0974893569946289,40
10000,0.5,0.5,1,FALSE,1000,5.65180778503418,5.74021339416504,5.759596824646,5.82770109176636,5.95870018005371,-0.224781639552664,-0.200726121516092,-0.193292897661734,-0.184554588333217,-0.160348339266004,0.016,5.03695011138916,237
10000,0.5,0.5,5,FALSE,1000,1.18420124053955,1.21273994445801,1.25000476837158,1.25865936279297,1.3275146484375,-0.412618981221438,-0.258684425023027,-0.198236439854782,-0.145273024407026,0.0129809969342516,0.008,1.09039545059204,21
10000,0.5,0.5,10,FALSE,1000,0.64239501953125,0.656402111053467,0.661849975585938,0.701498985290527,0.767803192138672,-0.5814673225646,-0.300288090324736,-0.214844404221206,-0.112717078408536,0.161706928466865,0.015,0.570082664489746,9
10000,0.5,0.5,25,FALSE,1000,0.321602821350098,0.327551364898682,0.329995155334473,0.333499908447266,0.341606140136719,-0.280784143164046,-0.23845211827274,-0.222435882476773,-0.207193898496903,-0.162480864553573,0.074,0.282657146453857,286
10000,0.5,0.5,50,FALSE,1000,0.212311744689941,0.21589994430542,0.217199325561523,0.218915939331055,0.223398208618164,-0.279595216938085,-0.250742329144057,-0.241029572593834,-0.230049044231288,-0.200736292991511,0.06,0.183796882629395,153
10000,0.5,0.5,100,FALSE,1000,0.157403945922852,0.159907341003418,0.160789489746094,0.161886215209961,0.16481876373291,-0.295465498961046,-0.264768792911874,-0.2542799334794,-0.24429940957913,-0.213659633819545,0.037,0.134801864624023,95
10000,0.5,0.5,1000,FALSE,1000,0.107598304748535,0.109601020812988,0.110292434692383,0.111198425292969,0.113511085510254,-0.333274053272613,-0.294482936703819,-0.280286758295591,-0.267265819768571,-0.227072488083512,0.004,0.0908136367797852,39
10000,0.5,0.5,10000,FALSE,1000,0.102400779724121,0.10380744934082,0.104403495788574,0.105094909667969,0.107002258300781,-0.338386711391156,-0.300001941246664,-0.287220488246139,-0.27419034685318,-0.235580006159063,0,0.0854969024658203,18
10000,2,2,1,FALSE,1000,5.6527853012085,5.7418942451477,5.76226711273193,5.82480430603027,5.94840049743652,-0.225321520193834,-0.200508107261608,-0.192959149098066,-0.183743162559476,-0.158897121131465,0.031,5.03954887390137,238
10000,2,2,5,FALSE,1000,1.17969512939453,1.21250152587891,1.25010013580322,1.25975608825684,1.32710933685303,-0.413384922796571,-0.258120606837566,-0.19673529555188,-0.144155119544746,0.0136467375294515,0.006,1.09095573425293,10
10000,2,2,10,FALSE,1000,0.643610954284668,0.655841827392578,0.661194324493408,0.69969892501831,0.757598876953125,-0.56168231827817,-0.29941962744542,-0.213560750586576,-0.110837549622849,0.15834234341841,0.012,0.56999921798706,11
10000,2,2,25,FALSE,1000,0.320911407470703,0.327706336975098,0.330281257629395,0.334703922271729,0.345087051391602,-0.280766227330193,-0.239903123957202,-0.225855448574938,-0.210387149475689,-0.169410410583646,0.075,0.282406806945801,269
10000,2,2,50,FALSE,1000,0.212311744689941,0.216007232666016,0.217390060424805,0.219416618347168,0.224399566650391,-0.282349387153214,-0.251931689987111,-0.241784842840356,-0.231256591859749,-0.201026605746316,0.06,0.183916091918945,171
10000,2,2,100,FALSE,1000,0.15718936920166,0.159895420074463,0.160789489746094,0.161898136138916,0.16481876373291,-0.298552193047576,-0.266898125703476,-0.256669130269163,-0.245784369514664,-0.214672795380487,0.047,0.134587287902832,121
10000,2,2,1000,FALSE,1000,0.107216835021973,0.109505653381348,0.110197067260742,0.111198425292969,0.113701820373535,-0.336138943125948,-0.29709920272174,-0.283651005799691,-0.269783856591988,-0.230009540725638,0.002,0.0905990600585938,35
10000,2,2,10000,FALSE,1000,0.10230541229248,0.10380744934082,0.104308128356934,0.105094909667969,0.106978416442871,-0.338460676006034,-0.301621402095222,-0.289377667196843,-0.276958076785727,-0.240675796141531,0,0.0854015350341797,32
10000,10,10,1,FALSE,1000,5.71019649505615,5.78513145446777,5.80580234527588,5.83610534667969,5.91239929199219,-0.221531261848531,-0.196866490040647,-0.189325437442931,-0.179751780708444,-0.154504888069292,0.019,5.08905649185181,131
10000,10,10,5,FALSE,1000,1.19590759277344,1.22079849243164,1.26065015792847,1.26919746398926,1.33650302886963,-0.420062353482452,-0.25648593449739,-0.197368939546806,-0.142997152039077,0.0201589271661943,0.013,1.10030174255371,23
10000,10,10,10,FALSE,1000,0.650501251220703,0.66070556640625,0.665569305419922,0.707149505615234,0.75838565826416,-0.464378047262507,-0.305031711693995,-0.213748203633744,-0.108438722918834,0.179948734888313,0.012,0.57370662689209,17
10000,10,10,25,FALSE,1000,0.323700904846191,0.330197811126709,0.332212448120117,0.336503982543945,0.345802307128906,-0.289907611172956,-0.243451558352072,-0.22819639640654,-0.210533480472957,-0.178510585719087,0.088,0.2838134765625,269
10000,10,10,50,FALSE,1000,0.213408470153809,0.216889381408691,0.218105316162109,0.220251083374023,0.224995613098145,-0.297664791074079,-0.259540459186766,-0.247353823343946,-0.233750411628283,-0.19537383805398,0.058,0.183820724487305,137
10000,10,10,100,FALSE,1000,0.157904624938965,0.160408020019531,0.161314010620117,0.162506103515625,0.165510177612305,-0.31184379778524,-0.277257120558652,-0.264765517154107,-0.253903740206894,-0.220074036282907,0.029,0.13430118560791,94
10000,10,10,1000,FALSE,1000,0.107693672180176,0.109386444091797,0.110101699829102,0.110900402069092,0.113010406494141,-0.350313942968406,-0.312250666255076,-0.299705759430631,-0.285658401947515,-0.245890804028755,0.001,0.0895023345947266,39
10000,10,10,10000,FALSE,1000,0.10228157043457,0.10380744934082,0.104403495788574,0.10521411895752,0.107312202453613,-0.358766939598538,-0.318329125915903,-0.304210911134063,-0.291332710959795,-0.251031495827354,0.001,0.0845909118652344,23
10000,100,100,1,FALSE,1000,5.63359260559082,5.72805404663086,5.74710369110107,5.80319166183472,5.9157133102417,-0.226261931381708,-0.200594218711169,-0.19353456309201,-0.183451608246525,-0.158301162915353,0.034,5.02668619155884,245
10000,100,100,5,FALSE,1000,1.18598937988281,1.2129545211792,1.24890804290771,1.25770568847656,1.32391452789307,-0.44072985563512,-0.272995174399784,-0.213954791938879,-0.16015398358552,0.00129119902975217,0.015,1.07791423797607,22
10000,100,100,10,FALSE,1000,0.641298294067383,0.654888153076172,0.660204887390137,0.700616836547852,0.768017768859863,-0.612338004335828,-0.329788169665726,-0.242937278175338,-0.137481785882291,0.0545134109918207,0.013,0.557792186737061,15
10000,100,100,25,FALSE,1000,0.322103500366211,0.327610969543457,0.330185890197754,0.334048271179199,0.343704223632812,-0.332742385348956,-0.2987519612339,-0.286018987362008,-0.270206472231959,-0.231275424604257,0.011,0.270795822143555,265
10000,100,100,50,FALSE,1000,0.21209716796875,0.215804576873779,0.217044353485107,0.218749046325684,0.223112106323242,-0.374851836273065,-0.345485824674301,-0.3341741640013,-0.32279847695831,-0.289489029037,0.041,0.172197818756104,163
10000,100,100,100,FALSE,1000,0.15721321105957,0.159692764282227,0.160598754882812,0.16169548034668,0.164699554443359,-0.428259918675972,-0.395176016779958,-0.384479371961823,-0.37307854620637,-0.341238084439702,0.042,0.123095512390137,105
10000,100,100,1000,FALSE,1000,0.107312202453613,0.109410285949707,0.110197067260742,0.111103057861328,0.113606452941895,-0.538780399291858,-0.49439361339189,-0.480185153151858,-0.464693352116828,-0.421233614893098,0.002,0.0791072845458984,28
10000,100,100,10000,FALSE,1000,0.10218620300293,0.10380744934082,0.104403495788574,0.105094909667969,0.106906890869141,-0.551158427573663,-0.510858412424681,-0.496905212719736,-0.48377693772333,-0.447518770366492,0.001,0.0739097595214844,28
10000,10000,10000,1,FALSE,1000,5.91471195220947,5.99939823150635,6.02089166641235,6.08605146408081,6.215500831604,-0.296758271415846,-0.273657956569795,-0.266509589248443,-0.258105975879021,-0.234878339715955,0.023,5.00624179840088,243
10000,10000,10000,5,FALSE,1000,1.2437105178833,1.27314329147339,1.31040811538696,1.31924152374268,1.38649940490723,-0.530080185098318,-0.366464303843646,-0.303636306651849,-0.25462794952545,-0.0892788813702164,0.006,1.06090307235718,12
10000,10000,10000,10,FALSE,1000,0.677680969238281,0.691008567810059,0.696587562561035,0.73544979095459,0.801515579223633,-0.721863592673855,-0.447861246917498,-0.364508633898702,-0.254848921174113,0.0339526512285363,0.012,0.540399551391602,16
10000,10000,10000,25,FALSE,1000,0.340485572814941,0.346493721008301,0.348997116088867,0.35325288772583,0.36320686340332,-0.518309227072703,-0.478916799184364,-0.465684564494396,-0.45181598377846,-0.414646455720023,0.004,0.252795219421387,288
10000,10000,10000,50,FALSE,1000,0.226187705993652,0.229990482330322,0.231313705444336,0.233197212219238,0.23798942565918,-0.631723164663422,-0.596125634689407,-0.584514593119889,-0.571815983616593,-0.536732379529537,0.001,0.154304504394531,151
10000,10000,10000,100,FALSE,1000,0.168299674987793,0.171399116516113,0.17240047454834,0.17390251159668,0.177597999572754,-0.749544001172889,-0.721584603082486,-0.711184790563816,-0.700942242171449,-0.671399369078045,0,0.10530948638916,110
10000,10000,10000,1000,FALSE,1000,0.116205215454102,0.118494033813477,0.119400024414062,0.12049674987793,0.123405456542969,-1.01882963667864,-0.975838960505562,-0.961495425209915,-0.946242860429768,-0.902057198379104,0,0.0612974166870117,41
10000,10000,10000,10000,FALSE,1000,0.110483169555664,0.112605094909668,0.113296508789062,0.114297866821289,0.116801261901855,-1.0572214551572,-1.0228303540817,-1.01083884121947,-0.998773218428724,-0.963106605175067,0,0.0561952590942383,27
